West Contract Comparison,West Contract Comparison,West Contract Comparison,West Contract Comparison,West Contract Comparison,West Contract Comparison,West Contract Comparison,,,,,,,,,,,,,,,,,,,,,,,,,,,,,,,,,,,,,,,,,,,,,,,,,,,,,,,,,,,,,,,,,,,,,,,,,,,,,,,,,,,,,,,,,,,,,,,,,,,,,,,,,,,,,,,,,,,,,,,,,,,,,,,,,,,,,,,,,,,,,,,,,,,,,,,,,,,,
,,,,,,,,,,,,,,,,,,,,,,,,,,,,,,,,,,,,,,,,,,,,,,,,,,,,,,,,,,,,,,,,,,,,,,,,,,,,,,,,,,,,,,,,,,,,,,,,,,,,,,,,,,,,,,,,,,,,,,,,,,,,,,,,,,,,,,,,,,,,,,,,,,,,,,,,,,,,,,,,,,
11/30/01 Valuation,11/30/01 Valuation,11/30/01 Valuation,1/11/02 Valuation,1/11/02 Valuation,1/11/02 Valuation,1/11/02 Valuation,Monthly MTM for 1/11/02 Valuation,,,,,,,,,,,,,,,,,,,,,,,,,,,,,,,,,,,,,,,,,,,,,,,,,,,,,,,,,,,,,,,,,,,,,,,,,,,,,,,,,,,,,,,,,,,,,,,,,,,,,,,,,,,,,,,,,,,,,,,,,,,,,,,,,,,,,,,,,,,,,,,,,,,,,,,,,,,
Counterparty,Total,Notes,Portfolio,Counterparty,Total,Notes,2002-01-01 00:00:00,2002-02-01 00:00:00,2002-03-01 00:00:00,2002-04-01 00:00:00,2002-05-01 00:00:00,2002-06-01 00:00:00,2002-07-01 00:00:00,2002-08-01 00:00:00,2002-09-01 00:00:00,2002-10-01 00:00:00,2002-11-01 00:00:00,2002-12-01 00:00:00,2003-01-01 00:00:00,2003-02-01 00:00:00,2003-03-01 00:00:00,2003-04-01 00:00:00,2003-05-01 00:00:00,2003-06-01 00:00:00,2003-07-01 00:00:00,2003-08-01 00:00:00,2003-09-01 00:00:00,2003-10-01 00:00:00,2003-11-01 00:00:00,2003-12-01 00:00:00,2004-01-01 00:00:00,2004-02-01 00:00:00,2004-03-01 00:00:00,2004-04-01 00:00:00,2004-05-01 00:00:00,2004-06-01 00:00:00,2004-07-01 00:00:00,2004-08-01 00:00:00,2004-09-01 00:00:00,2004-10-01 00:00:00,2004-11-01 00:00:00,2004-12-01 00:00:00,2005-01-01 00:00:00,2005-02-01 00:00:00,2005-03-01 00:00:00,2005-04-01 00:00:00,2005-05-01 00:00:00,2005-06-01 00:00:00,2005-07-01 00:00:00,2005-08-01 00:00:00,2005-09-01 00:00:00,2005-10-01 00:00:00,2005-11-01 00:00:00,2005-12-01 00:00:00,2006-01-01 00:00:00,2006-02-01 00:00:00,2006-03-01 00:00:00,2006-04-01 00:00:00,2006-05-01 00:00:00,2006-06-01 00:00:00,2006-07-01 00:00:00,2006-08-01 00:00:00,2006-09-01 00:00:00,2006-10-01 00:00:00,2006-11-01 00:00:00,2006-12-01 00:00:00,2007-01-01 00:00:00,2007-02-01 00:00:00,2007-03-01 00:00:00,2007-04-01 00:00:00,2007-05-01 00:00:00,2007-06-01 00:00:00,2007-07-01 00:00:00,2007-08-01 00:00:00,2007-09-01 00:00:00,2007-10-01 00:00:00,2007-11-01 00:00:00,2007-12-01 00:00:00,2008-01-01 00:00:00,2008-02-01 00:00:00,2008-03-01 00:00:00,2008-04-01 00:00:00,2008-05-01 00:00:00,2008-06-01 00:00:00,2008-07-01 00:00:00,2008-08-01 00:00:00,2008-09-01 00:00:00,2008-10-01 00:00:00,2008-11-01 00:00:00,2008-12-01 00:00:00,2009-01-01 00:00:00,2009-02-01 00:00:00,2009-03-01 00:00:00,2009-04-01 00:00:00,2009-05-01 00:00:00,2009-06-01 00:00:00,2009-07-01 00:00:00,2009-08-01 00:00:00,2009-09-01 00:00:00,2009-10-01 00:00:00,2009-11-01 00:00:00,2009-12-01 00:00:00,2010-01-01 00:00:00,2010-02-01 00:00:00,2010-03-01 00:00:00,2010-04-01 00:00:00,2010-05-01 00:00:00,2010-06-01 00:00:00,2010-07-01 00:00:00,2010-08-01 00:00:00,2010-09-01 00:00:00,2010-10-01 00:00:00,2010-11-01 00:00:00,2010-12-01 00:00:00,2011-01-01 00:00:00,2011-02-01 00:00:00,2011-03-01 00:00:00,2011-04-01 00:00:00,2011-05-01 00:00:00,2011-06-01 00:00:00,2011-07-01 00:00:00,2011-08-01 00:00:00,2011-09-01 00:00:00,2011-10-01 00:00:00,2011-11-01 00:00:00,2011-12-01 00:00:00,2012-01-01 00:00:00,2012-02-01 00:00:00,2012-03-01 00:00:00,2012-04-01 00:00:00,2012-05-01 00:00:00,2012-06-01 00:00:00,2012-07-01 00:00:00,2012-08-01 00:00:00,2012-09-01 00:00:00,2012-10-01 00:00:00,2012-11-01 00:00:00,2012-12-01 00:00:00,2013-01-01 00:00:00,2013-02-01 00:00:00,2013-03-01 00:00:00,2013-04-01 00:00:00,2013-05-01 00:00:00,2013-06-01 00:00:00,2013-07-01 00:00:00,2013-08-01 00:00:00,2013-09-01 00:00:00,2013-10-01 00:00:00,2013-11-01 00:00:00,2013-12-01 00:00:00,2014-01-01 00:00:00,2014-02-01 00:00:00,2014-03-01 00:00:00,2014-04-01 00:00:00,2014-05-01 00:00:00,2014-06-01 00:00:00,2014-07-01 00:00:00,2014-08-01 00:00:00,2014-09-01 00:00:00,2014-10-01 00:00:00,2014-11-01 00:00:00,2014-12-01 00:00:00
BPA,387370699.35,,WEST,BPA,405826345.8600002,,4073086.57,6625486.64,6237359.9399999995,4552900.4,5435871.41,5640869.8100000005,10733221.84,10862499.98,10202995.049999999,7007341.420000001,6630120.71,6814142.07,7584237.09,7007575.77,7917853.45,6565965.859999999,5991286.56,6034441.65,7465133.049999999,6961312.12,7183619.529999999,7607678.3,7358776.54,7383843.33,7896712.55,7526477.08,8196882.749999999,6905549.94,6561974.47,6483305.53,7527461.25,6982768.25,7230009.2299999995,7685902.210000001,7560964.28,7468122.08,7020557.3,6435863.630000001,7253322.3100000005,6110339.87,5816380.500000001,5740187.88,6695863.609999999,6203278.68,6405590.9,6801456.95,6674675.72,6604025.02,6304552.11,5843935.87,6675525.51,5778944.21,5724156.86,5478784.859999999,5927943.22,5213607.85,5671475.9799999995,5944073.26,5774824.76,5823230.29,,,,,,,,,,,,,,,,,,,,,,,,,,,,,,,,,,,,,,,,,,,,,,,,,,,,,,,,,,,,,,,,,,,,,,,,,,,,,,,,,,,,,,,,,,,,,,,,
NPC,234031822.87,,WEST,NPC,238978535.16,,4280496.38,6580819.29,7200131.5200000005,12273710.79,12129953.08,10621219.47,43110370.93000001,43343710.64,40703698.56,6939118.11,6634879.54,6720100.9,2945101.29,2667354.46,2949951.92,2865494.52,2924197.64,2598407.62,3144478.97,2613721.03,3140568.16,2788742.29,2737935.49,2839980.85,432984.39,398018.25,448168.12,431871.19,404800.88,341438.8,222325.17,117787.75,241056.49,391899.85,387177.31,406863.51,0,0,0,0,0,0,0,0,0,0,0,0,0,0,0,0,0,0,0,0,0,0,0,0,,,,,,,,,,,,,,,,,,,,,,,,,,,,,,,,,,,,,,,,,,,,,,,,,,,,,,,,,,,,,,,,,,,,,,,,,,,,,,,,,,,,,,,,,,,,,,,,
WAPADESERTSW,132016995.15,,WEST,SANTACLARA,155189410.32999995,,1095838.19,1617325.76,1370362.53,3073723.91,3170536.88,2772667.16,2127914.16,1688171.78,2093361.77,2566927.02,2535388.64,2558664.08,2521907.04,2382980.23,2774474.45,2765288.84,2970242.07,2537366.1,1774122.52,1330038.51,1878141.1,2458362.73,2483991.29,2331617.91,2381023.09,2334060.21,2579335.13,2581953.48,2765894.16,2343307.87,1695911.63,1310883.9,1787527.15,2316787.4,2293123.25,2181052.35,2238689.06,2084889.67,2397938.14,2396922.62,2556093.8,2168307.95,1617090.72,1210564.87,1671916.57,2157568.55,2125745.42,2029563.38,2079549.69,1934089.44,2223089.55,2235305.04,2351089.06,2005931.38,1505164.08,1133688.61,1557504.07,2006765.51,1971717.88,1900319.1,887087.14,824115.31,937601.8,929570.44,1015896.54,854248.12,604045.21,380639.07,614599.14,801969.03,839594.01,801889.75,817121.73,783156.04,867984.51,844673.09,927507.83,789173.08,543119.37,368263.98,555312.58,735456.72,774833.95,730026.13,746845.36,691188.7,791671.19,769795.02,850246.73,709359.34,496518.43,337813.45,508319.42,672835.28,708186.54,668967.85,0,0,0,0,0,0,0,0,0,0,0,0,0,0,0,0,0,0,0,0,0,0,0,0,,,,,,,,,,,,,,,,,,,,,,,,,,,,,,,,,,,,
SANTACLARA,124649056.75,,WEST,WAPADESERTSW,132180805.99,,5682135.34,9003013.87,9999895.14,4935623.74,5009943.05,4655740.4,4242656.93,3743534.46,4230570.39,4767255.74,4698338.2,4759898.59,4799996.07,4343987.37,4898500.87,2916206.09,2987468.98,2720629.05,2124788.53,1609769.49,2196187.05,2846138.13,2835609.89,2779167.85,2776806.55,2618792.04,2859572.49,2238184.26,2302556.04,2030557.24,1496790.49,1030371.56,1443603.77,1854005.24,1805585.08,1736869.3,1767884.6,1595501.72,1836670.39,0,0,0,0,0,0,0,0,0,0,0,0,0,0,0,0,0,0,0,0,0,,,,,,,,,,,,,,,,,,,,,,,,,,,,,,,,,,,,,,,,,,,,,,,,,,,,,,,,,,,,,,,,,,,,,,,,,,,,,,,,,,,,,,,,,,,,,,,,
SIERRA PACIFIC,114252936.82,,WEST,SIERRA PACIFIC,111377106.66999999,,2988667.76,4562191.85,4959361,4926235.49,4877376,4444491.08,21892961.62,21917124.39,20356281.24,4842643.39,4501044.95,4485084.43,565681.63,541878.73,597907.68,618732.46,659314.66,588582.48,485430.2,414158.46,491752.51,574948.8,536162.54,549093.32,0,0,0,0,0,0,0,0,0,0,0,0,0,0,0,0,0,0,0,0,0,0,0,0,0,0,0,0,0,0,0,0,0,0,0,0,,,,,,,,,,,,,,,,,,,,,,,,,,,,,,,,,,,,,,,,,,,,,,,,,,,,,,,,,,,,,,,,,,,,,,,,,,,,,,,,,,,,,,,,,,,,,,,,
CRC,36797365.73,,WEST,ENRONENESERINC,82212795.46999998,,1058842.01,1758972.23,1962976.78,1923292.37,1977810,1752188.06,1557855.6,1448081.47,1622080.23,1840357.84,1701410.82,1815824.06,1817364.81,1669163.94,1874306.11,1826400.29,1966591.46,1713117.85,1495354.01,1249274.53,1499773.9,1551895.36,1541711.44,1572576.03,1582034.06,1481639.92,1585408,1533165.68,1588171,1441708.38,1303166.82,1158392.35,1282586.35,1485433.85,1462486.01,1493169.98,1492753.92,1343185.93,1490166.18,1439988.54,1489183.99,1352121.17,1234440.62,1082122.01,1206244.37,1393621.25,1369850.15,1399125.94,1399003.79,1258006.05,1394843.21,1350533.92,1389947.42,1264778.35,-5334.55,-18264.89,-1117.33,13510.13,14306.49,14220.19,14728.66,12530.75,16631.95,15419.16,15878.51,8807.61,-5490.44,-17525.2,-1393.62,12572.94,12938.86,12886.71,13439,11894.8,14819.94,14412.17,14423.34,7649.19,-5792.65,-16522.91,-1670.99,11395.74,11449.67,9973.57,12200.45,10396.63,13483.96,13115.77,12791.98,6856.06,-4471.69,-13269.22,-1821.43,9092.91,9142.84,0,0,0,0,0,0,0,0,0,0,0,0,0,0,0,0,0,0,0,0,0,0,0,0,0,,,,,,,,,,,,,,,,,,,,,,,,,,,,,,,,,,,,
CITYROS,29177110.55,,WEST,CRC,42392173.429999985,,650047.96,1120611.21,1269733.93,1185073.91,1206092.38,1019135.92,-427731.86,-408035.16,-308759.79,1154709.69,1112007.18,1164801.56,1103177.7,1008898.55,1150549.99,1110418.65,1170291.43,1029301.8,834776.78,682291.8,845841.22,1050448.74,1051293.62,1033224.33,732760.2,711681.37,824455.81,832469.28,871172.8,744140.39,465102.59,267535.37,499855.02,701577.16,709868.19,675918.82,670254.63,653447.02,764960.67,767795.33,797522.88,682270.85,426976.32,259165.18,466210.24,652388.3,657508.08,630672.48,551823.87,534325.57,620829.06,614141.83,668650.37,569223.25,367995.35,230151.29,384824.71,532255.11,537075.94,506966.56,,,,,,,,,,,,,,,,,,,,,,,,,,,,,,,,,,,,,,,,,,,,,,,,,,,,,,,,,,,,,,,,,,,,,,,,,,,,,,,,,,,,,,,,,,,,,,,,
WAPADESERTSWAFB,26724224.24,,WEST,CITYROS,34862774.67000001,,466466.5,863133.34,995808.1,1022184.02,1040322.91,860669.39,626696.58,459750.62,634065.54,856728.36,797234.1,790301.42,795148.55,769604.83,920348.95,948134.6,961493.67,797566.24,518083.28,408337.73,609092.74,844963.54,794063.51,737754.65,743515.67,753178.06,857239.14,891065.26,907562.3,736205.87,472312.52,366516.58,560815.45,793020.54,731110.01,683775.46,696938.33,670510.35,798837.11,831616.66,846376.07,683266.66,443194.51,314944.33,515671.68,736559.89,678209.27,632379.78,0,0,0,0,0,0,0,0,0,0,0,0,,,,,,,,,,,,,,,,,,,,,,,,,,,,,,,,,,,,,,,,,,,,,,,,,,,,,,,,,,,,,,,,,,,,,,,,,,,,,,,,,,,,,,,,,,,,,,,,
SMURFITSTOCON,24394667.57,,WEST,REDDING,29727838.889999993,,1267944.81,2038832.67,2274605.43,0,0,0,0,0,0,0,0,0,0,0,0,0,0,0,0,0,0,0,0,0,0,0,0,0,0,0,0,0,0,0,330967.88,285603.23,309006.82,292651.95,341120.2,339405.24,399848.84,338322.27,231907.71,155131.27,228281.11,284698.03,302638.42,265254.17,284949.59,268346.05,311447.73,311863.86,359902.1,308087.81,217491.37,150768.74,213269.54,262136.94,276907.27,246814.55,258205.22,245150.2,283522.71,283489.91,325256.25,279785.73,202497.44,144334.7,200331.65,237797.31,252345.82,226931.87,236138.68,231046.7,260769.19,255141.52,294306.1,256294.85,183005.98,138484.83,181365.76,216494.99,231180.81,205169.82,213692.83,201888.81,235342.36,230027.61,267020.86,228786.67,166853.52,127585.37,165236.11,196113.34,209300.63,186268.45,196064.72,182398.17,209822.94,207303.88,240238.82,206092.09,151724.37,117197.89,150060.97,179221.96,186830.48,168403.41,176974.18,164231.36,188668.69,186175,215742.85,185005.41,139918.31,103683.69,135385.83,161178.11,167730.52,151440.32,159212.42,152379.77,169278.8,169067.19,191673.16,166178.36,126680.9,94394.9,124442.45,143628.2,151298.58,138465.5,141552.84,133273.61,155347.17,151388.64,174269.5,152488.11,110961.83,82987.67,111815.27,129342.3,136821.04,124916.29,127364.07,120221.53,140376.77,136982.78,158387.54,138062.64,98718.09,74772.21,98066.85,116157.74,0,0
REDDING,21109547,,WEST,SMURFITSTOCON,29570223.540000007,,412453.51,742349.84,860061,879036.96,937281.98,862810.66,659502.79,506830.47,606764.65,653561.41,650560.05,647516.05,606689.84,596603.81,722641.65,762171.14,892759.91,782809.89,542561.41,385608.46,527310.74,620539.43,653066.34,572361.54,586177.84,590625.35,671342.5,703079.71,813199.78,713182.04,525211.29,397037.67,508491.31,587922.73,603639.61,543926.71,554097.14,527107.22,619865.88,643140.61,737714.13,651167.74,501298.91,384122.85,88600.67,106598.49,111602.23,96318.85,98798.75,95801.65,115110.37,123120.12,143760,124555.99,86957.32,58232.23,82905.03,98597.52,102628.15,90431.62,,,,,,,,,,,,,,,,,,,,,,,,,,,,,,,,,,,,,,,,,,,,,,,,,,,,,,,,,,,,,,,,,,,,,,,,,,,,,,,,,,,,,,,,,,,,,,,,
ELPASELECOM,21037354.24,,WEST,WAPADESERTSWAFB,28037256.399999995,,401345.93,666842,561552.27,534661.11,598288.54,246866.74,545975,534287.12,645434.99,689791.31,662543.5,709955.97,693444.87,626711.41,547493.07,513775.59,580638.18,584639.05,518933.67,510992.69,599789.45,680199.5,614739.5,653889.24,127287.23,620302.88,505475.6,448360.75,560699.84,537985.64,487202.24,477818.01,562609.81,646005.27,607666.32,631431.41,124627.02,557769.88,474785.74,456461.87,526119.29,503973.71,198371.62,434355.83,525476.72,604973.64,569017.11,553938.13,584946.69,521566.26,444373.54,338867.7,481995.95,0,0,0,0,0,0,0,,,,,,,,,,,,,,,,,,,,,,,,,,,,,,,,,,,,,,,,,,,,,,,,,,,,,,,,,,,,,,,,,,,,,,,,,,,,,,,,,,,,,,,,,,,,,,,,
VALLEYELECTRIC,19864834.76,,WEST,VALLEYELECTRIC,26485150.190000005,,163637.29,220047.19,207033.24,187049.01,164597.23,201846.75,332852.27,224055.53,360249.29,504387.13,511637.88,643361.44,695974.74,630637.54,711029.02,690969.42,700115.11,543126.04,257653.15,21806.21,302751.93,601889.83,650012.24,662371.1,665802.14,563318.59,518450.49,468246.82,559060.78,574884.54,310004.24,121461.63,320820.15,524810.77,540009.68,699879.11,660199.75,568980.11,521103.82,442975.39,590806.23,588318.99,335098.3,73190.87,304406.8,552748.28,529438.45,715135,679412.6,527418.07,516458.97,477933.44,574307.84,595844.58,179019.47,27822.48,140816.64,213831.22,241319.28,372724.09,,,,,,,,,,,,,,,,,,,,,,,,,,,,,,,,,,,,,,,,,,,,,,,,,,,,,,,,,,,,,,,,,,,,,,,,,,,,,,,,,,,,,,,,,,,,,,,,
CITYSHALAK,17035628.51,,WEST,ELPASELECOM,21527871.819999997,,1218905.83,1846655.19,2007304.6,1999261.27,1967377.51,1754026.46,1727180.88,1725426.79,1646915.82,1975782.24,1830815.23,1828220,0,0,0,0,0,0,0,0,0,0,0,0,0,0,0,0,0,0,0,0,0,0,0,0,0,0,0,0,0,0,0,0,0,0,0,0,0,0,0,0,0,0,0,0,0,0,0,0,,,,,,,,,,,,,,,,,,,,,,,,,,,,,,,,,,,,,,,,,,,,,,,,,,,,,,,,,,,,,,,,,,,,,,,,,,,,,,,,,,,,,,,,,,,,,,,,
UTAHASSMUNPOWSY,16622023.86,,WEST,CITYSHALAK,18096116.340000004,,313965.49,529262.05,597561.4,595008.54,610016.59,546043.39,484917.33,434277.96,476453.27,552559.07,524165.77,530861.6,531547.36,494865.12,567505.21,565195.9,578010.08,518549.14,442963.96,408955.14,458896.03,538095.11,512171,503208.94,503707.3,487409.16,535408.2,535020.15,547995.62,486493.96,414884.08,381841.21,430142.82,507585.04,478725.76,471847.59,0,0,0,0,0,0,0,0,0,0,0,0,0,0,0,0,0,0,0,0,0,0,0,0,,,,,,,,,,,,,,,,,,,,,,,,,,,,,,,,,,,,,,,,,,,,,,,,,,,,,,,,,,,,,,,,,,,,,,,,,,,,,,,,,,,,,,,,,,,,,,,,
CITYRIVERSIDE,16426773.46,,WEST,UTAHASSMUNPOWSY,17704455.96,,601763.32,949421.52,1003593.8,998216.33,982293.82,788108.84,665646.58,693069.48,756484.11,995126.25,937974.21,935674.08,998102.3,918163.73,996776.37,999085.14,940690.34,787758.06,596717.62,464669.63,695120.43,0,0,0,0,0,0,0,0,0,0,0,0,0,0,0,0,0,0,0,0,0,0,0,0,0,0,0,0,0,0,0,0,0,0,0,0,0,0,0,,,,,,,,,,,,,,,,,,,,,,,,,,,,,,,,,,,,,,,,,,,,,,,,,,,,,,,,,,,,,,,,,,,,,,,,,,,,,,,,,,,,,,,,,,,,,,,,
PUGRANTCTY,11384515.69,,WEST,CITYRIVERSIDE,15130349.12,,1023434.33,1621638.9,1787742.29,521145.64,555182.76,526899.21,2541130.6,2417764.47,2530943.82,511429.4,531493,561544.7,0,0,0,0,0,0,0,0,0,0,0,0,0,0,0,0,0,0,0,0,0,0,0,0,0,0,0,0,0,0,0,0,0,0,0,0,0,0,0,0,0,0,0,0,0,0,0,0,,,,,,,,,,,,,,,,,,,,,,,,,,,,,,,,,,,,,,,,,,,,,,,,,,,,,,,,,,,,,,,,,,,,,,,,,,,,,,,,,,,,,,,,,,,,,,,,
EUGENEWATELE,8626373.24,,WEST,LASSEN,11225435.650000002,,107846.33,210856.64,245480.03,262544.17,266624.04,197092.36,104734.18,40822.6,109851.07,195497.23,174744.49,166793.73,166700.66,169953.14,212284.98,230508.53,228759.09,171044.66,58568.73,16552.9,104714.12,193477.34,167554.16,150245.15,153578.21,162123.19,199331.18,215351.86,211083.4,158556.57,48710.82,8336.44,93606.66,177179.72,155090.09,137309.32,140066.31,145026.07,184520.54,199999.71,195853.12,145692.52,43098.34,-1222.88,83855.75,163375.43,142540.09,125411.76,128083.56,133213.65,170452.86,183534.03,183338.3,133924,36414.4,-5690.25,75462.12,150983.58,131441.01,114759.99,118607.89,123371.95,158278.68,170875.2,170684.71,123794.05,31299.61,-8671.09,69081.57,141102.25,121573.53,105652.98,109236.74,118167.1,145494.88,160423.33,158395.48,113537.2,24463.22,-8135.45,61755.48,130269.53,111433.1,97101.91,0,0,0,0,0,0,0,0,0,0,0,0,0,0,0,0,0,0,0,0,0,0,0,0,0,0,0,0,0,0,0,0,0,0,0,0,,,,,,,,,,,,,,,,,,,,,,,,,,,,,,,,,,,,
MERCEDIRRDIS,8448514.78,,WEST,MERCEDIRRDIS,10940073.989999998,,204297.76,347050.34,392682.19,488227.49,501370.01,439612.24,576842.44,490030.91,569924.52,443658.35,419405.83,423350.56,354814.29,333547.98,386656.47,478202.96,488041.66,429056.66,575919.71,513255.42,88422.17,112892.57,106769.27,101877.38,119837.51,120712.88,140175.26,145845.59,146090.86,119226.45,70386.45,51543.79,88899.34,128881.68,117032.28,109906.8,15142.7,17551.16,24533.69,27744.69,25669.1,17341.33,-4592.28,-12966.2,5565.33,20690.17,16357.21,13362.26,13618.18,15940.94,22528.31,24643.31,24625.86,15754.3,-5047.8,-13035.42,4645.18,19004.48,14931.13,11618.29,,,,,,,,,,,,,,,,,,,,,,,,,,,,,,,,,,,,,,,,,,,,,,,,,,,,,,,,,,,,,,,,,,,,,,,,,,,,,,,,,,,,,,,,,,,,,,,,
KNAUFFIBGLA,7951602.87,,WEST,CITY OF MESA,10199880.639999997,,0,0,0,0,152910.3,82452.09,60347.46,-27689.75,61456.5,0,0,0,0,0,0,0,148909.82,184672.11,-28573.94,-293672.65,883.34,151091.22,182476.27,187821.34,173293.94,164568.77,176159.76,173676.43,314117.55,166413.87,-4046.07,-232032.97,17449.1,138250.93,158670.94,165908.79,160919.09,143503.77,160930.43,158568.21,288333.44,154292.59,7484.14,-223421.42,18827.53,126084.76,143570.84,150181.55,146857.44,130747.24,146516.94,146460.97,260499.66,142406.32,7412.580000000005,-205768.68,18768.37,114990.9,130078.39,138374.73,132646.2,119691.67,134123.5,133888.45,239557.04,130572.46,5060.02,-193760.21,23244.6,103128.53,118415.85,126079.34,121689.68,113342.64,124587.83,120765.42,220059.53,123820.74,-6631.790000000008,-173579.25,13229.49,93950.27,109770.51,112808.76,111102.52,100067.87,113744.08,110251.14,205014.85,108533.08,-9262.17,-164988.14,10162.97,85692.08,100048.17,102851.47,103570.15,91840.75,102771.44,101046.29,188754.73,99339.91,-11080.02,-156058.07,7909.28,79993.09,89362.35,93779.82,94893.37,84079.91,94016.83,92475.02,173475.25,90631.2,-5830.8,-157061.12,5625.36,72963.63,81374.39,85468.72,86753.04,79398.61,86037.42,85991.37,157256.57,82732.84,-7879.93,-149484.91,8748.739999999994,65308.17,74504.07,79797.9,78899.57,70935.82,80556.2,78064.68,77104.86,0,0,0,0,0,0,0,0,0,0,0,0,0,0,0,0,0,0,0
LOUISIANAPACOR,7944026.2,,WEST,LOUISIANAPACOR,9947506.610000001,,75579.45,140639.15,175098.44,180056.31,192665.61,176452.48,156444.04,121636.51,144280.9,129658.67,129676.53,128395,119114.6,118746.15,145724.81,155470.68,184731.71,160286.62,0,0,0,122840.69,130986.55,112010.38,115250.47,117548.41,134877.96,142835.42,167470,145282.6,0,0,0,252572.6,261464.82,231565.68,236669.14,226834.63,268923.53,281460.99,326484.38,285626.05,0,0,0,234583.15,241037.01,216486.38,220421.97,210024.73,247638.5,259267.57,295832.99,261282.77,0,0,0,130573.29,133373,122035.66,122251.64,116734.66,136766.51,142281.8,161002.76,143046.98,0,0,0,120309.85,123302.98,113890.45,0,0,0,0,0,0,0,0,0,0,0,0,0,0,0,0,0,0,0,0,0,0,0,0,0,0,0,0,0,0,0,0,0,0,0,0,0,0,0,0,0,0,0,0,0,0,0,0,,,,,,,,,,,,,,,,,,,,,,,,,,,,,,,,,,,,
LASSEN,7209815.6,,WEST,AVISTAUTIWASH,8765847.88,,0,0,0,0,0,0,0,0,0,0,0,0,0,0,0,0,0,0,0,0,0,0,0,0,245000.81,260058.69,307328.12,336521.62,410207.89,345014.37,206071.77,115326.29,201117.72,253037.1,270631.41,223447.57,231539.5,228829.44,280083.4,302947.43,365881.09,310024.79,198627.96,115755.76,189404.66,233455.52,247237.36,208142.91,214516.14,210305.99,255612.92,276870.77,327552.7,280721.08,185864.08,114213.66,177060.1,215404.66,226679.71,195352.89,,,,,,,,,,,,,,,,,,,,,,,,,,,,,,,,,,,,,,,,,,,,,,,,,,,,,,,,,,,,,,,,,,,,,,,,,,,,,,,,,,,,,,,,,,,,,,,,
VERNONCIT,6707878.82,,WEST,HANSONPERCEM,8463035.040000001,,133562.29,134031.11,355462.87,370988.7,375451,347425.65,205456.59,127299.48,198339.79,351873.79,332837.82,258783.41,250612.59,122631.05,324881.29,410164.37,358285.36,315442.49,163213.43,105596.88,201403.14,350117.73,332103.8,235559.14,232283.3,134119.24,298486.49,378233.44,356937.8,286942.44,143648.19,91146.59,179713.78,0,0,0,0,0,0,0,0,0,0,0,0,0,0,0,0,0,0,0,0,0,0,0,0,0,0,0,,,,,,,,,,,,,,,,,,,,,,,,,,,,,,,,,,,,,,,,,,,,,,,,,,,,,,,,,,,,,,,,,,,,,,,,,,,,,,,,,,,,,,,,,,,,,,,,
HANSONPERCEM,6664030,,WEST,LUZENACAME,6968507.050000001,,44577.63,84002.7,98794.83,102516.23,110359.89,100816.41,71260.67,49812.53,65108.43,72342.17,72910.64,72113.86,66625.23,67398.44,83804.74,90405.02,108732.06,93969.48,59369.35,37264.35,58386.95,71469.7,76997.01,65240.36,67564.33,69532.81,80352.48,85740.61,101270.4,87758.02,60773.87,42767.16,1888.76,70650.83,73629.74,65007.83,66754.48,64386.33,76756.69,80784.28,94289.84,82461.09,61010.45,44579.83,58728.71,68402.75,70535.54,63553.52,64928.26,62082.77,73422.29,77026.36,88046.29,78050.59,59933.99,45725.65,57646.81,66204.45,67796.72,62393.19,62698.01,59990.32,70401.66,73303.72,82927.7,74079.74,58821.67,46512.5,56991.03,63608.78,65186.55,60798.68,60651.55,59663.79,67823.06,69246.92,78261.87,70727.24,56496.79,46805.6,54785.31,61086.59,62748.83,58240.67,58377.02,55242.73,64676.83,65711.72,74226.48,66588,54774.58,46262.21,53106.61,58741.05,60118.56,56299.36,56869.47,53076.54,61336.16,62490.64,70173.78,63221.63,53054.11,45584.59,0,0,0,0,0,0,0,0,0,0,0,0,0,0,0,0,,,,,,,,,,,,,,,,,,,,,,,,,,,,,,,,,,,,
AZUSACITYOF,5920064.22,,WEST,AZUSACITYOF,5887547.579999997,,272090.82,407556.74,440832.09,439357.17,438680.13,421124.81,393771.17,407974.55,362297.84,441542.94,407937.84,406934.6,90306.13,83150.36,89812.29,89540.14,89245.64,85524.64,88622.13,88287.67,84571.93,90969.68,80537.5,86878.77,0,0,0,0,0,0,0,0,0,0,0,0,0,0,0,0,0,0,0,0,0,0,0,0,0,0,0,0,0,0,0,0,0,0,0,0,,,,,,,,,,,,,,,,,,,,,,,,,,,,,,,,,,,,,,,,,,,,,,,,,,,,,,,,,,,,,,,,,,,,,,,,,,,,,,,,,,,,,,,,,,,,,,,,
AVISTAUTIWASH,5477216.23,,WEST,EUGENEWATELE,4863469.54,,244075.49,308811.25,304366.69,-34842.29,-66804.11,-2477.7,453889.11,560938.34,458071.17,918757.13,850110.89,868573.57,0,0,0,0,0,0,0,0,0,0,0,0,0,0,0,0,0,0,0,0,0,0,0,0,0,0,0,0,0,0,0,0,0,0,0,0,0,0,0,0,0,0,0,0,0,0,0,0,,,,,,,,,,,,,,,,,,,,,,,,,,,,,,,,,,,,,,,,,,,,,,,,,,,,,,,,,,,,,,,,,,,,,,,,,,,,,,,,,,,,,,,,,,,,,,,,
LUZENACAME,5431627.61,,WEST,OAKLANDMUNCORP,4368466.179999999,,166824.14,272990.58,305937.27,301347.58,309767.77,284843.4,267706.7,250628.44,261071.91,289765.31,276533.81,281900.73,23204.5,24454.43,30850.51,34006.29,33472.94,24387.55,7037.53,543.52,13340.58,27542.28,23957.63,20690.87,21139.39,23112.06,28820.82,31646.12,30744.12,22499.73,5491.3,-747.4000000000005,11642.94,25005.26,22071.1,18720.62,18996.55,20596.82,26567.42,29295.93,28405.55,20550.21,4439.03,-1932.95,10204.61,22928.29,20169.26,16945.78,17214.3,18820.36,24448.31,26817.66,26507.07,18787.87,3458.02,-2581.3,8994.78,21084.69,18504.95,15269.22,15931.26,17355.34,22626.46,24901.71,24606.69,17284.38,2725.34,-3000.85,7932.47,19685.97,17031.24,13941.41,0,0,0,0,0,0,0,0,0,0,0,0,0,0,0,0,0,0,0,0,0,0,0,0,0,0,0,0,0,0,0,0,0,0,0,0,0,0,0,0,0,0,0,0,0,0,0,0,,,,,,,,,,,,,,,,,,,,,,,,,,,,,,,,,,,,
OAKLANDMUNCORP,4485646.89,,WEST,ANA,3908010.31,,0,0,0,0,0,0,1344372.31,1310871,1252767,0,0,0,0,0,0,0,0,0,0,0,0,0,0,0,0,0,0,0,0,0,0,0,0,0,0,0,0,0,0,0,0,0,0,0,0,0,0,0,0,0,0,0,0,0,0,0,0,0,0,0,,,,,,,,,,,,,,,,,,,,,,,,,,,,,,,,,,,,,,,,,,,,,,,,,,,,,,,,,,,,,,,,,,,,,,,,,,,,,,,,,,,,,,,,,,,,,,,,
CLATSKANPEOUTI,4466639.33,,WEST,CLATSKANPEOUTI,3709936.1499999994,,41786.06,53614.51,53476.45,46058.13,44268.48,47619.19,75509.79,92625.89,76064.27,74649.19,69663.55,74445.89,78723.46,65212.34,64662.19,54765.23,44291.08,51660.66,83291.47,100680.6,79288.56,72897.74,63796.58,77027.44,74826.92,64618.15,63872.91,54921.61,46392.56,52722.09,78023.71,92013.15,74228.5,69082.4,62088.32,72612.66,70774.88,60331.8,61979.66,54227.98,47188.32,52211.09,72888.72,85606.67,69960.21,65854.32,59679.85,68702.67,67141.01,57560.44,59573.05,52328.22,47076.48,50888.44,68753.39,79710.06,66017.16,0,0,0,,,,,,,,,,,,,,,,,,,,,,,,,,,,,,,,,,,,,,,,,,,,,,,,,,,,,,,,,,,,,,,,,,,,,,,,,,,,,,,,,,,,,,,,,,,,,,,,
ASHGROCEM,4303338.67,,WEST,HOLNAM,3355698.0799999996,,167703.48,280835.02,318388.91,316941.91,333263,313506.22,116704.78,86285.98,106787.74,117064.66,116951.32,115937.26,107807.56,107130.37,131071.85,139469.32,165180.41,143665.25,-4494.5,-35458.6,-3075.75,12253.81,22946.4,3688.59,6935.24,15369.36,24917.75,35405.96,54275.47,38239.31,0,0,0,0,0,0,0,0,0,0,0,0,0,0,0,0,0,0,0,0,0,0,0,0,0,0,0,0,0,0,,,,,,,,,,,,,,,,,,,,,,,,,,,,,,,,,,,,,,,,,,,,,,,,,,,,,,,,,,,,,,,,,,,,,,,,,,,,,,,,,,,,,,,,,,,,,,,,
ANA,3717316.72,,WEST,PWR-NG-WEST,2281715.6,,110250,223048.92,245044.08,229289.05,225769.92,206959.24,202746.17,195000.82,186854.33,187799.93,148891.89,120061.25,0,0,0,0,0,0,0,0,0,0,0,0,0,0,0,0,0,0,0,0,0,0,0,0,0,0,0,0,0,0,0,0,0,0,0,0,0,0,0,0,0,0,0,0,0,0,0,0,,,,,,,,,,,,,,,,,,,,,,,,,,,,,,,,,,,,,,,,,,,,,,,,,,,,,,,,,,,,,,,,,,,,,,,,,,,,,,,,,,,,,,,,,,,,,,,,
NCPA,2983818.85,,WEST,AIRPROD,1765436.3299999998,,30973.8,62939.51,80062.04,78675.36,86045.94,80574.15,50469.3,35637,49044.19,50519.99,55253.58,54818.62,49617.91,49108.04,64381.12,63212.18,85938.17,72257.68,38733.53,22439.42,39033.74,49839.93,56753.64,42535.53,48172.17,49397.77,54043.87,63187,77296.94,58986.38,41192.31,24295.52,0,0,0,0,0,0,0,0,0,0,0,0,0,0,0,0,0,0,0,0,0,0,0,0,0,0,0,0,,,,,,,,,,,,,,,,,,,,,,,,,,,,,,,,,,,,,,,,,,,,,,,,,,,,,,,,,,,,,,,,,,,,,,,,,,,,,,,,,,,,,,,,,,,,,,,,
HOLNAM/HOLCIM,2948263.86,,WEST,INTELCOR,1631678.7599999998,,19261.92,41546.17,51941.17,55667.8,60831.89,53926.18,29233.8,11921.72,24913.54,29611.64,30877.44,29190.95,24642.34,27916.09,38138.35,44280.32,57860.88,46863.66,18146.78,374.85,18138.31,27505.62,32848.44,22415.33,24181.94,27618.49,34283.59,39518.35,50878.64,40987.87,18352.63,3903.11,18164.22,26054.96,29420.48,21479.24,22845.48,23844.42,30747.92,34945.35,44615.66,36194.14,17994.8,4806.56,17099.16,23759.72,26487.63,19867.99,20959.1,21636.05,27665.29,31572.81,39305.53,32297.31,16766.19,5368.94,0,0,0,0,,,,,,,,,,,,,,,,,,,,,,,,,,,,,,,,,,,,,,,,,,,,,,,,,,,,,,,,,,,,,,,,,,,,,,,,,,,,,,,,,,,,,,,,,,,,,,,,
METROPOLWATDIS,2464957.11,,WEST,STRATEGENELLC,1590178.8800000001,,27963.56,48313.65,53293.08,53214.71,50553.45,36645.39,26219.12,10657.49,27419.05,45109.55,43637.58,39617.43,40587,39239.49,45915.27,44770.07,43118.68,29789.48,14438.44,4960,25656.65,41907.38,38006.46,37582.39,37904.36,36683.79,44646.71,41844.12,38671.38,28459.57,12507,3389.57,23375.72,37455.25,36772,34784.29,33773.65,34031.91,41534.58,38876.52,35873.92,26095.28,10448.39,2267.29,21296.12,34683.36,34054.18,32134.55,0,0,0,0,0,0,0,0,0,0,0,0,,,,,,,,,,,,,,,,,,,,,,,,,,,,,,,,,,,,,,,,,,,,,,,,,,,,,,,,,,,,,,,,,,,,,,,,,,,,,,,,,,,,,,,,,,,,,,,,
SMUD,2403416,,WEST,SIERRAPACHOL,871032.6199999999,,50015.05,100836.81,117865.67,131745.15,135049.93,85869.05,22723.23,-21741.28,27324.5,84806,71683.31,64855.2,0,0,0,0,0,0,0,0,0,0,0,0,0,0,0,0,0,0,0,0,0,0,0,0,0,0,0,0,0,0,0,0,0,0,0,0,0,0,0,0,0,0,0,0,0,0,0,0,,,,,,,,,,,,,,,,,,,,,,,,,,,,,,,,,,,,,,,,,,,,,,,,,,,,,,,,,,,,,,,,,,,,,,,,,,,,,,,,,,,,,,,,,,,,,,,,
SMUD,2337724.12,,WEST,CITYBAN,809314.07,,0,0,0,70264.08,0,0,254479.65,247253.73,237316.61,0,0,0,0,0,0,0,0,0,0,0,0,0,0,0,0,0,0,0,0,0,0,0,0,0,0,0,0,0,0,0,0,0,0,0,0,0,0,0,0,0,0,0,0,0,0,0,0,0,0,0,,,,,,,,,,,,,,,,,,,,,,,,,,,,,,,,,,,,,,,,,,,,,,,,,,,,,,,,,,,,,,,,,,,,,,,,,,,,,,,,,,,,,,,,,,,,,,,,
CITY OF MESA,2225635.58,,WEST,ELECTRICDISNUM,789753.3099999996,,0,0,0,0,50970.1,86671.26,28022.05,-15926.84,0,0,0,0,0,0,0,0,49636.61,88820.23,14892.5,-51009.45,0,0,0,0,0,0,0,0,45730.07,81636.42,19979.24,-36600.91,0,0,0,0,0,0,0,0,42390.84,76184.29,21852.04,-35642.11,0,0,0,0,0,0,0,0,38776.42,70829.92,20733.11,-32273.72,0,0,0,0,0,0,0,0,35980.28,65589.6,19094.71,-30277.67,0,0,0,0,0,0,0,0,33312.91,19610.66,-853.87,-18896.5,0,0,0,0,0,0,0,0,31198.94,17616.75,-1170.86,-18098.05,0,0,0,0,0,0,0,0,28934.37,16283.33,-1396.68,-17245.47,0,0,0,0,0,0,0,0,26770.19,14991.83,-1049.73,-17072.57,0,0,0,0,0,0,0,0,24495.39,13822.73,-1255.28,-16303.77,0,0,0,0,0,0,0,0,0,0,0,0,0,0,0,0,0,0,0,0,0,0,0,0,0,0,0,0
PUGETSOUENE,1559708.59,,WEST,NCPA,665374.61,,0,0,0,0,0,0,0,0,0,256540.69,215442.17,193391.75,0,0,0,0,0,0,0,0,0,0,0,0,0,0,0,0,0,0,0,0,0,0,0,0,0,0,0,0,0,0,0,0,0,0,0,0,0,0,0,0,0,0,0,0,0,0,0,0,,,,,,,,,,,,,,,,,,,,,,,,,,,,,,,,,,,,,,,,,,,,,,,,,,,,,,,,,,,,,,,,,,,,,,,,,,,,,,,,,,,,,,,,,,,,,,,,
CHELAN,1375097,,WEST,CNCCONCOR,612232.51,,20003.14,47425.31,55326.91,59429.79,62157.71,46014.25,61720.45,34571.16,68086.7,55000.14,54168.58,48328.37,0,0,0,0,0,0,0,0,0,0,0,0,0,0,0,0,0,0,0,0,0,0,0,0,0,0,0,0,0,0,0,0,0,0,0,0,0,0,0,0,0,0,0,0,0,0,0,0,,,,,,,,,,,,,,,,,,,,,,,,,,,,,,,,,,,,,,,,,,,,,,,,,,,,,,,,,,,,,,,,,,,,,,,,,,,,,,,,,,,,,,,,,,,,,,,,
AIRPROD,1356599.81,,WEST,CONEXANTSYS I,545316.89,,102740.6,206860.37,235715.92,0,0,0,0,0,0,0,0,0,0,0,0,0,0,0,0,0,0,0,0,0,0,0,0,0,0,0,0,0,0,0,0,0,0,0,0,0,0,0,0,0,0,0,0,0,0,0,0,0,0,0,0,0,0,0,0,0,,,,,,,,,,,,,,,,,,,,,,,,,,,,,,,,,,,,,,,,,,,,,,,,,,,,,,,,,,,,,,,,,,,,,,,,,,,,,,,,,,,,,,,,,,,,,,,,
STRATEGENELLC,1198210.55,,WEST,CCO-ENPOWER-PRC,454285.07,,103895.44,155630.3,168360.88,0,0,64420.39,-12862.2,-13330.92,-11828.82,0,0,0,0,0,0,0,0,0,0,0,0,0,0,0,0,0,0,0,0,0,0,0,0,0,0,0,0,0,0,0,0,0,0,0,0,0,0,0,0,0,0,0,0,0,0,0,0,0,0,0,,,,,,,,,,,,,,,,,,,,,,,,,,,,,,,,,,,,,,,,,,,,,,,,,,,,,,,,,,,,,,,,,,,,,,,,,,,,,,,,,,,,,,,,,,,,,,,,
BURBANKCIT,1130507.52,,WEST,PASADENA,396749.08999999997,,27185.13,53575.53,60019.39,59931.13,54680.26,28722.06,6169.2,-26643.72,12291.3,42456.05,43147.27,35215.49,0,0,0,0,0,0,0,0,0,0,0,0,0,0,0,0,0,0,0,0,0,0,0,0,0,0,0,0,0,0,0,0,0,0,0,0,0,0,0,0,0,0,0,0,0,0,0,0,,,,,,,,,,,,,,,,,,,,,,,,,,,,,,,,,,,,,,,,,,,,,,,,,,,,,,,,,,,,,,,,,,,,,,,,,,,,,,,,,,,,,,,,,,,,,,,,
INTELCOR,926720.85,,WEST,PGE-NG-HEDGE,370787.45999999996,,-43842.28,-27777.48,-50347.49,-14504.26,-25131,-14882.93,-23494.11,-32553.14,-25034.59,-33820.35,-36768.08,-49764.81,-54414.89,-10097.95,-30568.27,3357.29,-7461.09,2447.37,-4058.08,-11632.27,-5182.92,-12331.48,-15708.8,-28394.39,-43621.55,-879.13,-18340,13924,4087,13122.53,7383.1,-467.55,5241.11,-1316.92,7856.8,-6644.31,8883.66,5619,-535.1,18577.28,14247.47,13625.31,4622.61,-9591.39,-5829.33,-14328.5,-22704.94,-30482.27,-10474.13,19065.86,15696.66,33521.62,29594.85,28613.65,20369.83,7731.21,9047.93,986.93,-8179,-15298,9536,34615.31,32707.52,48631.2,45160.29,43842,37163.38,25959,26711.84,19739.83,10877.1,4619.78,30475.74,51292.36,47845.82,61071.13,57795.38,56724,52304.71,44410.14,44244.47,39613.9,31990.34,26820.84,49983.73,61817.9,-656,-1879.59,-8288.48,-13136.42,-18016,-24080.54,-26165.55,-33869.77,-40690.92,456.73,0,0,0,0,0,0,0,0,0,0,0,0,0,0,0,0,0,0,0,0,0,0,0,0,,,,,,,,,,,,,,,,,,,,,,,,,,,,,,,,,,,,
TURLOCKIRRDIS,881326.39,,WEST,MCMINNWATLIGH,296206.58,,1011.96,16095.7,31983.45,37796.46,43196.01,35674.78,3809.86,-17768.99,-413.66,4432.44,7177.77,4102.22,-1498.91,5792.52,15547.81,24399.76,40403.63,27790.74,-9015.97,-31111.29,-7773.02,3005.41,10858.99,-3056.71,-712.8600000000006,5699.13,12180.58,19886.46,33201.06,21950.49,-7176.85,-25094.95,-6167.44,0,0,0,0,0,0,0,0,0,0,0,0,0,0,0,0,0,0,0,0,0,0,0,0,0,0,0,,,,,,,,,,,,,,,,,,,,,,,,,,,,,,,,,,,,,,,,,,,,,,,,,,,,,,,,,,,,,,,,,,,,,,,,,,,,,,,,,,,,,,,,,,,,,,,,
CITYBAN,763897.74,,WEST,LOSANGELWATPOW,279280.73000000004,,8507.09,15658,19930.65,15402.49,16632.91,21155.97,14326.27,13288.31,17240.91,16346.95,15954.55,19906.11,12578.65,13234.11,16290.52,12836.69,13358.78,16631.77,0,0,0,0,0,0,0,0,0,0,0,0,0,0,0,0,0,0,0,0,0,0,0,0,0,0,0,0,0,0,0,0,0,0,0,0,0,0,0,0,0,0,,,,,,,,,,,,,,,,,,,,,,,,,,,,,,,,,,,,,,,,,,,,,,,,,,,,,,,,,,,,,,,,,,,,,,,,,,,,,,,,,,,,,,,,,,,,,,,,
CONEXANTSYS I,632067.48,,WEST,PUDGRAYSHARBOR,270052.83999999997,,100157.84,169895,0,0,0,0,0,0,0,0,0,0,0,0,0,0,0,0,0,0,0,0,0,0,0,0,0,0,0,0,0,0,0,0,0,0,0,0,0,0,0,0,0,0,0,0,0,0,0,0,0,0,0,0,0,0,0,0,0,0,,,,,,,,,,,,,,,,,,,,,,,,,,,,,,,,,,,,,,,,,,,,,,,,,,,,,,,,,,,,,,,,,,,,,,,,,,,,,,,,,,,,,,,,,,,,,,,,
SIERRAPACHOL,597551.92,,WEST,PUDOUGLASCTY,246762.75,,78900.75,167862,0,0,0,0,0,0,0,0,0,0,0,0,0,0,0,0,0,0,0,0,0,0,0,0,0,0,0,0,0,0,0,0,0,0,0,0,0,0,0,0,0,0,0,0,0,0,0,0,0,0,0,0,0,0,0,0,0,0,,,,,,,,,,,,,,,,,,,,,,,,,,,,,,,,,,,,,,,,,,,,,,,,,,,,,,,,,,,,,,,,,,,,,,,,,,,,,,,,,,,,,,,,,,,,,,,,
CNCCONCOR,478093.53,,WEST,ENRONENEMAR,244882.47,,8407.03,13059,14435.7,13930.11,14392.26,13905.44,14343.4,14316.56,13827.71,14277.32,13767.9,14191.84,14154.72,12752.84,14077.32,13563.07,13988.5,13491.75,0,0,0,0,0,0,0,0,0,0,0,0,0,0,0,0,0,0,0,0,0,0,0,0,0,0,0,0,0,0,0,0,0,0,0,0,0,0,0,0,0,0,,,,,,,,,,,,,,,,,,,,,,,,,,,,,,,,,,,,,,,,,,,,,,,,,,,,,,,,,,,,,,,,,,,,,,,,,,,,,,,,,,,,,,,,,,,,,,,,
PUDGRAYSHARBOR,403252.93,,WEST,FRESHEXPINC,221716.90000000002,,9800.54,22183.83,26602.58,41317.55,42041.47,26998.66,5753.51,-8916.8,7918.44,25835.9,22181.22,0,0,0,0,0,0,0,0,0,0,0,0,0,0,0,0,0,0,0,0,0,0,0,0,0,0,0,0,0,0,0,0,0,0,0,0,0,0,0,0,0,0,0,0,0,0,0,0,0,,,,,,,,,,,,,,,,,,,,,,,,,,,,,,,,,,,,,,,,,,,,,,,,,,,,,,,,,,,,,,,,,,,,,,,,,,,,,,,,,,,,,,,,,,,,,,,,
WELDEDTUBCO,320949.4,,WEST,ENA,197419.35,,197419.35,0,0,0,0,0,0,0,0,0,0,0,0,0,0,0,0,0,0,0,0,0,0,0,0,0,0,0,0,0,0,0,0,0,0,0,0,0,0,0,0,0,0,0,0,0,0,0,0,0,0,0,0,0,0,0,0,0,0,0,,,,,,,,,,,,,,,,,,,,,,,,,,,,,,,,,,,,,,,,,,,,,,,,,,,,,,,,,,,,,,,,,,,,,,,,,,,,,,,,,,,,,,,,,,,,,,,,
PINNACLEWESCAPC,298697.68,,WEST,METROPOLWATDIS,172702.66,,99072.03,35131.63,38499,0,0,0,0,0,0,0,0,0,0,0,0,0,0,0,0,0,0,0,0,0,0,0,0,0,0,0,0,0,0,0,0,0,0,0,0,0,0,0,0,0,0,0,0,0,0,0,0,0,0,0,0,0,0,0,0,0,,,,,,,,,,,,,,,,,,,,,,,,,,,,,,,,,,,,,,,,,,,,,,,,,,,,,,,,,,,,,,,,,,,,,,,,,,,,,,,,,,,,,,,,,,,,,,,,
GLENDALECIT,294783.43,,WEST,SRP,115380.51000000001,,47404.33,85613.82,98355.18,94166.18,84074.67,-4456.87,-135298.94,-198790.96,-69434.02,33407.79,53445.74,53656.87,73615.49,68320.27,83690.79,83919.4,79591.76,3361.4,-164059.13,-293925.84,-126856,30316.9,68434.3,66827.38,0,0,0,0,0,0,0,0,0,0,0,0,0,0,0,0,0,0,0,0,0,0,0,0,0,0,0,0,0,0,0,0,0,0,0,0,,,,,,,,,,,,,,,,,,,,,,,,,,,,,,,,,,,,,,,,,,,,,,,,,,,,,,,,,,,,,,,,,,,,,,,,,,,,,,,,,,,,,,,,,,,,,,,,
PUDOUGLASCTY,280886.17,,WEST,HAFSLUNDENETRA,26302.339999999997,,6387.11,9567.06,10348.17,0,0,0,0,0,0,0,0,0,0,0,0,0,0,0,0,0,0,0,0,0,0,0,0,0,0,0,0,0,0,0,0,0,0,0,0,0,0,0,0,0,0,0,0,0,0,0,0,0,0,0,0,0,0,0,0,0,,,,,,,,,,,,,,,,,,,,,,,,,,,,,,,,,,,,,,,,,,,,,,,,,,,,,,,,,,,,,,,,,,,,,,,,,,,,,,,,,,,,,,,,,,,,,,,,
PGE-NG-HEDGE,265593.22,,WEST,QUIETLLC,18938,,0,0,0,0,0,0,7300.22,4263,7374.78,0,0,0,0,0,0,0,0,0,0,0,0,0,0,0,0,0,0,0,0,0,0,0,0,0,0,0,0,0,0,0,0,0,0,0,0,0,0,0,0,0,0,0,0,0,0,0,0,0,0,0,,,,,,,,,,,,,,,,,,,,,,,,,,,,,,,,,,,,,,,,,,,,,,,,,,,,,,,,,,,,,,,,,,,,,,,,,,,,,,,,,,,,,,,,,,,,,,,,
LOSANGELWATPOW,257381.26,,WEST,PUBLICSERNM,10554.68,,10554.68,0,0,0,0,0,0,0,0,0,0,0,0,0,0,0,0,0,0,0,0,0,0,0,0,0,0,0,0,0,0,0,0,0,0,0,0,0,0,0,0,0,0,0,0,0,0,0,0,0,0,0,0,0,0,0,0,0,0,0,,,,,,,,,,,,,,,,,,,,,,,,,,,,,,,,,,,,,,,,,,,,,,,,,,,,,,,,,,,,,,,,,,,,,,,,,,,,,,,,,,,,,,,,,,,,,,,,
PASADENA,256951,,WEST,PORTLANDGENELE,371.26,,371.26,0,0,0,0,0,0,0,0,0,0,0,0,0,0,0,0,0,0,0,0,0,0,0,0,0,0,0,0,0,0,0,0,0,0,0,0,0,0,0,0,0,0,0,0,0,0,0,0,0,0,0,0,0,0,0,0,0,0,0,,,,,,,,,,,,,,,,,,,,,,,,,,,,,,,,,,,,,,,,,,,,,,,,,,,,,,,,,,,,,,,,,,,,,,,,,,,,,,,,,,,,,,,,,,,,,,,,
CALIFORNENERES,168469.09,,WEST,AMERELECPOWSER,-14690.35,,-14690.35,0,0,0,0,0,0,0,0,0,0,0,0,0,0,0,0,0,0,0,0,0,0,0,0,0,0,0,0,0,0,0,0,0,0,0,0,0,0,0,0,0,0,0,0,0,0,0,0,0,0,0,0,0,0,0,0,0,0,0,,,,,,,,,,,,,,,,,,,,,,,,,,,,,,,,,,,,,,,,,,,,,,,,,,,,,,,,,,,,,,,,,,,,,,,,,,,,,,,,,,,,,,,,,,,,,,,,
FRESHEXPINC,149618.91,,WEST,ENRONWINCOR,-84191.79,,0,0,0,0,0,0,0,0,0,0,0,0,-13112.73,-13079.83,-16301.28,-12595.21,-12958.74,-16144,0,0,0,0,0,0,0,0,0,0,0,0,0,0,0,0,0,0,0,0,0,0,0,0,0,0,0,0,0,0,0,0,0,0,0,0,0,0,0,0,0,0,,,,,,,,,,,,,,,,,,,,,,,,,,,,,,,,,,,,,,,,,,,,,,,,,,,,,,,,,,,,,,,,,,,,,,,,,,,,,,,,,,,,,,,,,,,,,,,,
ELECTRICDISNUM,71473.27,,WEST,AVISTAENE,-297287.96,,-297287.96,0,0,0,0,0,0,0,0,0,0,0,0,0,0,0,0,0,0,0,0,0,0,0,0,0,0,0,0,0,0,0,0,0,0,0,0,0,0,0,0,0,0,0,0,0,0,0,0,0,0,0,0,0,0,0,0,0,0,0,,,,,,,,,,,,,,,,,,,,,,,,,,,,,,,,,,,,,,,,,,,,,,,,,,,,,,,,,,,,,,,,,,,,,,,,,,,,,,,,,,,,,,,,,,,,,,,,
EXPRESSPIPPAR,58214,,WEST,MODESTOIRR,-1464499.9500000004,,-14009.52,-1137.48,9021.28,13003.43,16770.75,7737.12,-39660.91,-68460.6,-45087.79,-32784.32,-22130.08,-25874.52,-33797.7,-22660.81,-15926.48,-11498.16,7958.92,-9713.29,-61477.92,-89121.63,-54571.81,-36005.18,-20983.05,-41386.25,-33142.48,-23669.58,-19803.75,-15029.53,1210,-14352.92,-55503.7,-77807.14,-49535.65,-34261.95,-23160.88,-39132.72,-31982.8,-24607.75,-21860.96,-17841.75,-4247.84,-17173.21,-50106.23,-71008.35,-46281.04,-33718.26,-24332.1,-37841.61,-31731.27,-25110.02,-23220.95,-18879.69,-8569.82,0,0,0,0,0,0,0,,,,,,,,,,,,,,,,,,,,,,,,,,,,,,,,,,,,,,,,,,,,,,,,,,,,,,,,,,,,,,,,,,,,,,,,,,,,,,,,,,,,,,,,,,,,,,,,
INTERRECTCOR,24779.56,,WEST,TUCSON,-1614628.8599999996,,-98463.66,-157186.67,-170695.55,-518155.56,-471669.5,-229955.44,3611.88,4718.12,5096.16,2016.08,1837.82,2327.37,2501,1807.7,2456,1647.8,1543.78,1933.81,0,0,0,0,0,0,0,0,0,0,0,0,0,0,0,0,0,0,0,0,0,0,0,0,0,0,0,0,0,0,0,0,0,0,0,0,0,0,0,0,0,0,,,,,,,,,,,,,,,,,,,,,,,,,,,,,,,,,,,,,,,,,,,,,,,,,,,,,,,,,,,,,,,,,,,,,,,,,,,,,,,,,,,,,,,,,,,,,,,,
ATLANTICRICH,22744.52,,WEST,DESERETGENTRAN,-2260127.7199999997,,-74453.27,-142850.26,-142540.12,-130604.89,-226424.49,-256538.72,-218361.95,-461026.89,-321627.1,-103482.68,-85091.8,-97125.55,0,0,0,0,0,0,0,0,0,0,0,0,0,0,0,0,0,0,0,0,0,0,0,0,0,0,0,0,0,0,0,0,0,0,0,0,0,0,0,0,0,0,0,0,0,0,0,0,,,,,,,,,,,,,,,,,,,,,,,,,,,,,,,,,,,,,,,,,,,,,,,,,,,,,,,,,,,,,,,,,,,,,,,,,,,,,,,,,,,,,,,,,,,,,,,,
QUIETLLC,11894.81,,WEST,PWR-NG-LTSW,-2281715.6,,-110250,-223048.92,-245044.08,-229289.05,-225769.92,-206959.24,-202746.17,-195000.82,-186854.33,-187799.93,-148891.89,-120061.25,0,0,0,0,0,0,0,0,0,0,0,0,0,0,0,0,0,0,0,0,0,0,0,0,0,0,0,0,0,0,0,0,0,0,0,0,0,0,0,0,0,0,0,0,0,0,0,0,,,,,,,,,,,,,,,,,,,,,,,,,,,,,,,,,,,,,,,,,,,,,,,,,,,,,,,,,,,,,,,,,,,,,,,,,,,,,,,,,,,,,,,,,,,,,,,,
DAVISWIRCOR,5748.86,,WEST,SEATTLECITLIG,-5635559.069999998,,-229337.11,-149684.62,0,0,-1292208,-1039936.63,-909957.55,-479587,-231643.7,-488244.59,-147093,-176077.47,-111614.31,-149483.79,0,0,-67686.3,-24023.77,0,0,0,-45995.9,-58819.52,-34165.81,0,0,0,0,0,0,0,0,0,0,0,0,0,0,0,0,0,0,0,0,0,0,0,0,0,0,0,0,0,0,0,0,0,0,0,0,,,,,,,,,,,,,,,,,,,,,,,,,,,,,,,,,,,,,,,,,,,,,,,,,,,,,,,,,,,,,,,,,,,,,,,,,,,,,,,,,,,,,,,,,,,,,,,,
SANDIEGO,2007.1,,WEST,MORGAN,-9898560.309999999,,0,0,0,0,0,0,0,0,0,0,0,0,-815475.42,-770523.04,-896447.82,-910906.98,-1015961.42,-923777.9,-762831.94,-649091.09,-737181.1,-814927,-824571.56,-776865.04,0,0,0,0,0,0,0,0,0,0,0,0,0,0,0,0,0,0,0,0,0,0,0,0,0,0,0,0,0,0,0,0,0,0,0,0,,,,,,,,,,,,,,,,,,,,,,,,,,,,,,,,,,,,,,,,,,,,,,,,,,,,,,,,,,,,,,,,,,,,,,,,,,,,,,,,,,,,,,,,,,,,,,,,
CITYSHALAK,0,,Non-terminated total,,1473235789.2,,,,,,,,,,,,,,,,,,,,,,,,,,,,,,,,,,,,,,,,,,,,,,,,,,,,,,,,,,,,,,,,,,,,,,,,,,,,,,,,,,,,,,,,,,,,,,,,,,,,,,,,,,,,,,,,,,,,,,,,,,,,,,,,,,,,,,,,,,,,,,,,,,,,,,,,,,,,,
HAFSLUNDENETRA,-17176.75,,,,,,,,,,,,,,,,,,,,,,,,,,,,,,,,,,,,,,,,,,,,,,,,,,,,,,,,,,,,,,,,,,,,,,,,,,,,,,,,,,,,,,,,,,,,,,,,,,,,,,,,,,,,,,,,,,,,,,,,,,,,,,,,,,,,,,,,,,,,,,,,,,,,,,,,,,,,,,,,,
WAPASIERRANEV,-21134.45,,,,,,,,,,,,,,,,,,,,,,,,,,,,,,,,,,,,,,,,,,,,,,,,,,,,,,,,,,,,,,,,,,,,,,,,,,,,,,,,,,,,,,,,,,,,,,,,,,,,,,,,,,,,,,,,,,,,,,,,,,,,,,,,,,,,,,,,,,,,,,,,,,,,,,,,,,,,,,,,,
LOSANGELWATPOW,-22943.92,,Terminated Contracts in System,,,,,,,,,,,,,,,,,,,,,,,,,,,,,,,,,,,,,,,,,,,,,,,,,,,,,,,,,,,,,,,,,,,,,,,,,,,,,,,,,,,,,,,,,,,,,,,,,,,,,,,,,,,,,,,,,,,,,,,,,,,,,,,,,,,,,,,,,,,,,,,,,,,,,,,,,,,,,,,
TUCSON,-30856.38,,,,,,,,,,,,,,,,,,,,,,,,,,,,,,,,,,,,,,,,,,,,,,,,,,,,,,,,,,,,,,,,,,,,,,,,,,,,,,,,,,,,,,,,,,,,,,,,,,,,,,,,,,,,,,,,,,,,,,,,,,,,,,,,,,,,,,,,,,,,,,,,,,,,,,,,,,,,,,,,,
PUDSNOHOMISHCTY,-83795.62,,WESTBANK,AESNEWENE,360.3800000000001,,0,0,0,0,0,0,0,0,0,0,0,0,0,0,0,1386.48,0,0,0,0,0,-1026.1,0,0,0,0,0,0,0,0,0,0,0,0,0,0,0,0,0,0,0,0,0,0,0,0,0,0,0,0,0,0,0,0,0,0,0,0,0,0,,,,,,,,,,,,,,,,,,,,,,,,,,,,,,,,,,,,,,,,,,,,,,,,,,,,,,,,,,,,,,,,,,,,,,,,,,,,,,,,,,,,,,,,,,,,,,,,
ECC,-136013.68,,WESTBANK,ALLEGHENENESUP,54494254.719999984,,240075.44,480139.23,421962.79,298070.29,268664.21,347193.25,-1108354.82,-1405695.64,-867068.37,397466.37,496190.68,563696.76,2843816.76,2460757.79,2426474.71,3253798.62,3065360.2,2963449.84,4381086.24,3931879.82,4128702.79,4665759.29,4058659.92,4343669.62,327843.34,259618.5,246692.02,220304.97,82004.08,36904.9,-117659.13,-255274.43,-106857.87,191391.99,140511.98,276916.74,-505856.13,-469183,-545815.53,-484096.56,-408541.94,-178794.42,-18091.65,378739.55,-220564.24,-416827.96,-432474.6,-458784.45,-217198.92,-189231.03,-250988.56,-231142.65,-229898.57,-100167.24,222233.88,155485.38,211153.76,-213773.73,-229660.86,-186808.4,342167.65,334355.9,397333.7,411804.86,520521.02,445233.49,490403.83,31932.67,555729.8,317587.08,348869.84,303072.41,264414,267378.7,302657.83,327096.86,424260.47,392834.73,143384.17,125683.87,80808.54,246137.84,281402.28,248055.62,345225.11,335620.54,395063.06,410222.23,482176.86,424061.33,295625.81,185022.71,294752.33,330884.29,353582.1,321741.25,309989.17,303938.97,361983.11,367169.35,430219.65,379456.43,270603.23,174159.37,269517.82,294175.67,325271.56,292800.6,0,0,0,0,0,0,0,0,0,0,0,0,,,,,,,,,,,,,,,,,,,,,,,,,,,,,,,,,,,,
MCMINNWATLIGH,-260124.7,,WESTBANK,AMERELECPOWSER,-97406896.4800001,,-3460962.49,-6404138.42,-6836336.390000001,-3399466.86,-2953213.59,-3034630.17,-19420258.57,-19437747.99,-19963373.34,-2810887.5,-2634926.42,-2636966.12,341977.27,354088.99,382603.48,675609.96,856001.21,723599.94,779423.58,161447.57,632871.7,510209.65,567325.55,582540.71,91748,71652.22,34620.71,104466.4,137810.42,174806.8,74833.7,-191228.5,5587.1,29192,34719.22,87838.18,-504749.08,-491140.48,-569139,-542930.75,-504661.18,-412413.08,-672282.52,-568021.76,-745364,-486691.53,-477867.84,-482974.65,-485687.78,-465223.54,-519981.98,-527594.24,-568773.62,-425043.44,-423423.83,-178460.45,-405176.79,-403314.72,-426584.18,-430636.86,0,0,0,0,0,0,26584.06,28560.69,25258.07,0,0,0,0,0,0,0,0,0,0,0,0,0,0,0,0,0,0,0,0,0,0,0,0,0,0,0,0,0,0,0,0,0,0,0,0,0,0,0,0,0,0,0,0,0,0,0,0,0,0,0,,,,,,,,,,,,,,,,,,,,,,,,,,,,,,,,,,,,
SMURFITSTOCON,-355075.14,,WESTBANK,APS,-4886400.880000001,,-161909.21,-330349.61,-400873.5,-498344.35,-543903.72,-483085.23,2885082.29,2725408.11,3047887.47,-255243.72,-249919.98,-241647.86,-227052.93,-254566.23,-345080.72,-398407.57,-517581.11,-420954.19,97356.23,152694.57,118913.84,-251779.26,-298113.16,-207132.83,-187597,-207218.98,-248978.9,-291008.21,-356615.61,-293154.37,-145140.06,-43575.66,-156467.74,-201445.43,-220139.49,-180437.52,-210252.73,-217948.8,-279300.38,-315634.71,-400540.85,-326477.02,-167506.38,-52057.44,-159246.38,-217809.19,-241297.21,-183641.16,-193136.2,-198074.56,-251720.16,-285541.84,-353477.69,-291802.14,-156162.89,-56388.26,-148215.92,-198977.63,-218711.97,-172097.73,,,,,,,,,,,,,,,,,,,,,,,,,,,,,,,,,,,,,,,,,,,,,,,,,,,,,,,,,,,,,,,,,,,,,,,,,,,,,,,,,,,,,,,,,,,,,,,,
CARGILLALLLLC,-452496.33,,WESTBANK,AQUILA,6920335.410000002,,1090263.44,307518.98,380081.76,746039.23,744889.58,561565.78,1018946.81,1338580.51,780970.2,528047.14,490309.91,557578.65,-116199.86,-127294.79,-160975.14,-198106.12,-245194.09,-195073.05,-84160.38,-4483.06,-100251,-129387.14,-144220.94,-119111.01,0,0,0,0,0,0,0,0,0,0,0,0,0,0,0,0,0,0,0,0,0,0,0,0,0,0,0,0,0,0,0,0,0,0,0,0,,,,,,,,,,,,,,,,,,,,,,,,,,,,,,,,,,,,,,,,,,,,,,,,,,,,,,,,,,,,,,,,,,,,,,,,,,,,,,,,,,,,,,,,,,,,,,,,
APS,-538686.11,,WESTBANK,ASHGROCEM,5197551.89,,165086.79,273865.6,309549.19,307025.54,322188.23,304018.04,70992.83,44973.93,63536.56,71435.02,72369.27,70641.76,31874.29,33003.18,83846.19,92085.13,113261.88,95826.04,53505.83,26748.56,52453.61,67276.39,74316.2,59391.52,30964.5,32664.43,76860.6,83748.84,101523.77,85764.79,52502.83,30709.36,51187.97,63735.79,67843.32,56600.83,29263.99,28789.53,70150.33,75524.61,90712.58,77199.65,50542.73,30638.52,48208.29,58861.65,62059.96,52753.18,27134.03,26488.07,64103.93,69099.64,81342.46,70001.81,47309.89,30099.87,45083.21,54362.14,56965.24,49518.35,24884.12,24418.63,58703.59,62909.11,73479.96,63564.21,0,0,0,0,0,0,0,0,0,0,0,0,0,0,0,0,0,0,0,0,0,0,0,0,0,0,0,0,0,0,0,0,0,0,0,0,0,0,0,0,0,0,0,0,0,0,0,0,0,0,0,0,0,0,,,,,,,,,,,,,,,,,,,,,,,,,,,,,,,,,,,,
DESERETGENTRAN,-644167.68,,WESTBANK,AVISTAENE,-13896648.92,,-1324417.61,-4086960.29,-4590330.09,10676.74,57218.54,518280.32,-218295.86,-105207.01,-238816.81,296605.71,276438.69,365520.98,268112.68,132579.02,-68870.69,-653669.16,-787000.82,-159963.92,446110.27,803928.23,-89482.69,80797.6,165742.6,385627.1,-201067.09,-249757.94,-415931.24,-659632.39,-789859.13,-414087.44,245483.19,235989.53,-25743.94,-292019.86,-309261.67,-124393.56,161199.82,71417.76,-19668.87,-272139.51,-358900.58,-130572.64,409896,336104.55,213248.16,69559.75,69352.19,179361.73,219132.29,131171.77,54863.21,-172920,-249825.88,-41360.83,448512.98,379637.26,242883.92,-7763.08,-15449.9,153295.34,-99157.36,-121348.2,-177492,-211829.77,-250986.56,-173879.97,9243.05,108520.2,-36262.47,-132362.68,-127415.23,-81322.63,-87013.86,-111208.17,-157279.62,-191521.32,-223449.6,-152699.86,18026.41,98569.53,-27522.45,-117382.39,-111769.58,-70547.89,-75256.45,-94028.74,-139276.35,-170461.04,-196656.2,-133701.21,22137.52,94972.57,-21108.88,-104001.1,-98345.49,-61098.67,-66154.03,-82782.76,-124322.22,-152067.58,-174772.84,-117045.26,25169.8,90928.29,-15757.58,-91519.85,-86158.18,-52627.68,0,0,0,0,0,0,0,0,0,0,0,0,,,,,,,,,,,,,,,,,,,,,,,,,,,,,,,,,,,,
MODESTOIRR,-909183.74,,WESTBANK,BPCORNORAME,1028426.9800000001,,20768.17,44398.86,50745.85,50650.57,47102.23,26159,15157.58,-14780.22,25620.64,50469.83,53433.13,47118.9,49175.13,47089.53,60021.76,56612.67,56069.39,32966.04,-402.68,-21896.52,18464.22,51375.03,51868.1,43006.28,26687.41,27067.01,34016.49,32155.43,31219.2,16087.95,0,0,0,0,0,0,0,0,0,0,0,0,0,0,0,0,0,0,0,0,0,0,0,0,0,0,0,0,0,0,,,,,,,,,,,,,,,,,,,,,,,,,,,,,,,,,,,,,,,,,,,,,,,,,,,,,,,,,,,,,,,,,,,,,,,,,,,,,,,,,,,,,,,,,,,,,,,,
TUCSON,-1355530.36,,WESTBANK,BPENERGYCO,-46937065.320000015,,-2376559.2,-4160935.11,-3790655.77,-4352309.38,-4306252.62,-3391952.83,-223410.44,-63750.95,-357888.34,-3682069.78,-3471452.9,-3297873.33,-1223558.97,-1176870.64,-1347442.12,-1369688.51,-1386571.35,-1112422.46,-781044.13,-549867.67,-941699.62,-1266527.61,-1156472.09,-1159972.95,1748.39,1621.11,1757,1688.33,1694.18,1674.44,0,0,0,0,0,0,0,0,0,0,0,0,0,0,0,0,0,0,0,0,0,0,0,0,0,0,0,0,0,0,,,,,,,,,,,,,,,,,,,,,,,,,,,,,,,,,,,,,,,,,,,,,,,,,,,,,,,,,,,,,,,,,,,,,,,,,,,,,,,,,,,,,,,,,,,,,,,,
SEATTLECITLIG,-3382986.06,,WESTBANK,BURBANKCIT,-1202996.18,,0,0,0,0,0,0,-431844.26,-298409.67,-472742.25,0,0,0,0,0,0,0,0,0,0,0,0,0,0,0,0,0,0,0,0,0,0,0,0,0,0,0,0,0,0,0,0,0,0,0,0,0,0,0,0,0,0,0,0,0,0,0,0,0,0,0,,,,,,,,,,,,,,,,,,,,,,,,,,,,,,,,,,,,,,,,,,,,,,,,,,,,,,,,,,,,,,,,,,,,,,,,,,,,,,,,,,,,,,,,,,,,,,,,
COLORADOSPRUTI,-3806235.75,,WESTBANK,CALPINEENESER,-16781960.490000013,,-2697717.01,-4402099.26,-4835690.82,-3437560.02,-3281786.8,-1453634.32,-2439427.31,-2224814.8,-2588500.19,-1942448.39,-1619019.98,-1492314.85,-285082.86,-286471.71,-172913.89,-781938.7,-668558.35,-267144.38,275934.04,800455.18,-36109.37,-586801.82,-389170.33,-602599.41,563886.56,644870.53,807616.86,904284.79,943036.24,633514.31,58628.71,-162244.77,259695.79,692353.5,612309.57,477864.09,363503.11,372481.29,486670.3,547966.43,602120.24,392045.58,92057.68,-88605.92,159297.99,418071.14,385462.69,288829.58,686784.38,722486.87,922135.2,1030128.92,1099312.74,828092.9,296530.59,12647.95,430214.5,786139.75,742680.02,620584.75,,,,,,,,,,,,,,,,,,,,,,,,,,,,,,,,,,,,,,,,,,,,,,,,,,,,,,,,,,,,,,,,,,,,,,,,,,,,,,,,,,,,,,,,,,,,,,,,
SRP,-5353014.84,,WESTBANK,CHELAN,585198.1200000001,,31897.62,69893.08,87787.81,94418.32,103355.97,91375.72,48069.81,17779.41,40620.38,0,0,0,0,0,0,0,0,0,0,0,0,0,0,0,0,0,0,0,0,0,0,0,0,0,0,0,0,0,0,0,0,0,0,0,0,0,0,0,0,0,0,0,0,0,0,0,0,0,0,0,,,,,,,,,,,,,,,,,,,,,,,,,,,,,,,,,,,,,,,,,,,,,,,,,,,,,,,,,,,,,,,,,,,,,,,,,,,,,,,,,,,,,,,,,,,,,,,,
DESERETGENTRAN,-5583596.1,,WESTBANK,COLORADOSPRUTI,-90049525.53,,177726.69,347479.95,393140.67,280999.52,-363688.39,-4359160.35,-10080796.52,-15030722.57,-5293086.97,-1191746.81,-581743.27,-821820.13,-378071.75,-160258.31,-111565.96,-144648.93,-933130.99,-5239121.89,-14367418.45,-23731493,-8460398.07,0,0,0,0,0,0,0,0,0,0,0,0,0,0,0,0,0,0,0,0,0,0,0,0,0,0,0,0,0,0,0,0,0,0,0,0,0,0,0,,,,,,,,,,,,,,,,,,,,,,,,,,,,,,,,,,,,,,,,,,,,,,,,,,,,,,,,,,,,,,,,,,,,,,,,,,,,,,,,,,,,,,,,,,,,,,,,
MORGAN,-8774072.31,,WESTBANK,CONAGRTRAGROINC,-743476.3500000001,,348157.29,664706.54,759880.54,-24164.68000000005,60154.24,75766.81,-683964.99,-490931.27,-655161.66,-307189.4,-248002.67,-242727.1,0,0,0,0,0,0,0,0,0,0,0,0,0,0,0,0,0,0,0,0,0,0,0,0,0,0,0,0,0,0,0,0,0,0,0,0,0,0,0,0,0,0,0,0,0,0,0,0,,,,,,,,,,,,,,,,,,,,,,,,,,,,,,,,,,,,,,,,,,,,,,,,,,,,,,,,,,,,,,,,,,,,,,,,,,,,,,,,,,,,,,,,,,,,,,,,
MIECO,-9051853.23,,WESTBANK,CONOCOGASAND,719307.1499999998,,100297.56,199911.68,238007.94,67164.2,67060.7,64377,-151659.59,-157198,-139459,156556.69,142189.87,132058.1,0,0,0,0,0,0,0,0,0,0,0,0,0,0,0,0,0,0,0,0,0,0,0,0,0,0,0,0,0,0,0,0,0,0,0,0,0,0,0,0,0,0,0,0,0,0,0,0,,,,,,,,,,,,,,,,,,,,,,,,,,,,,,,,,,,,,,,,,,,,,,,,,,,,,,,,,,,,,,,,,,,,,,,,,,,,,,,,,,,,,,,,,,,,,,,,
CALPINEENESER,-25728535.37,,WESTBANK,CORALPOWLLC,36626887.68,,-466089.26,-633303.26,-678386.3,1402181.76,1361332.14,687843.8,1674938.85,1461674.5,1632378.99,-136920.77,-155918.55,-126188.85,896561.08,857547.23,1003053.88,1064828.57,1054382.42,851879.21,451718.37,240164.02,566339.26,963004.91,828902.76,821192.43,974239.16,1016711,1334398.3,1428954.52,1328617.28,980305.86,89970.74,-239153.31,512661.82,1143989.42,973209.19,860186.12,306719.9,317265.27,396724.22,396645.61,368530.91,280232.85,89815,11613,194110.52,338575.66,311126.76,288654.51,264186.54,275455.56,348071.93,335977.84,336893.28,239217.46,59571.56,-16478.48,159242.23,295680.58,270914.88,239295.84,132430.2,129689.38,160647.94,144157.11,143008.91,92665.86,23318,-15178,69640.1,137125.64,130331.31,116315.14,122765.56,125353.49,143820,139215.56,132680,81753.09,20377.84,-16358.3,66096.73,126825.72,115724.61,111626.94,113179.44,111151.39,133185.41,128898.3,118079.19,77810.7,16881.6,-17757.62,60207.22,117484.05,107329.64,103328.15,100940.56,103151.6,128531.34,119728.59,109544.3,71545.63,14059.38,-18510.54,55021.57,104769.91,103549.91,95494.41,0,0,0,0,0,0,0,0,0,0,0,0,,,,,,,,,,,,,,,,,,,,,,,,,,,,,,,,,,,,
"AES New Energy, Inc.",,,WESTBANK,DESERETGENTRAN,-5580837.600000001,,-593769.59,-912833.01,-975315.13,36165.34,30951.09,-831949.29,-766009.5,-783325.38,-784752.13,0,0,0,0,0,0,0,0,0,0,0,0,0,0,0,0,0,0,0,0,0,0,0,0,0,0,0,0,0,0,0,0,0,0,0,0,0,0,0,0,0,0,0,0,0,0,0,0,0,0,0,,,,,,,,,,,,,,,,,,,,,,,,,,,,,,,,,,,,,,,,,,,,,,,,,,,,,,,,,,,,,,,,,,,,,,,,,,,,,,,,,,,,,,,,,,,,,,,,
"AIG Energy Trading, Inc",,,WESTBANK,DUKEENETRA,-691527379.5200003,,-8130005.43,-13394020.739999998,-14238815.53,-13476565.989999998,-13667654.46,-12459167.02,-23970549.17,-22252684.6,-24087281.249999996,-23629745.71,-22072490.53,-21806359.53,-15199957.610000001,-14410479.93,-16475885.38,-18754329.709999997,-19248522.95,-16827073.349999998,-12727362.37,-9681848.73,-13710656.74,-18127836.99,-16756207.049999999,-16857490.79,-9722627.47,-9950416.59,-11792212.09,-12132736.51,-12926734.92,-10070009.16,-3444511.97,180440.53,-4704507.1,-9571085.58,-9611077.95,-8679418.170000002,-5522213.31,-5525484.59,-6745634.3,-7345995.670000001,-7991951.4399999995,-5783405.4799999995,-1386676.19,1720167.78,-2119041.59,-5442565.75,-5591800.05,-4949611.83,-4709236.7,-4810082.76,-5865553.25,-6175778.23,-6784779.64,-4891717.97,-1107030.85,1438204.58,-1965418.26,-4565830.48,-4785460.71,-4266960.33,-2299080.85,-2283227.41,-2648655.41,-2898653.27,-3217944.42,-2649648.16,-1020480.04,-16133.57,-1061638.09,-2144478.47,-2200392.75,-2122649.13,-2091914.01,-2163594.54,-2445175.39,-2657522.02,-2866640.62,-2184171.64,-663570.9,257132.11,-896346.32,-1963247.97,-2018542.39,-1931943.8,-1958461.89,-1940242.59,-2262592.37,-2466809.48,-2595163.46,-1884508.29,-220326.35,851259.73,-503660.13,-1769635.2,-1834826.79,-1789078.5,-1753713.36,-1772962.89,-2110571.14,-2308512.54,-2410276.91,-1728921.55,-93013.45,915333.37,-397660.53,-1613770.23,-1671435.09,-1605728.47,-102713.09,-91510.23,-105300.67,-107472.78,-121483.32,-86908.67,-9646.13,44352.34,-1394.06,-66905.71,-103928.73,-98925.74,,,,,,,,,,,,,,,,,,,,,,,,,,,,,,,,,,,,
"AIG Highstar Capital, LLC",,,WESTBANK,DYNEGYPOWMAR,86139838.43999998,,3196116.25,2266693.64,2519710.98,2293937.42,2364901.64,2289842.01,1737826.04,1720859.76,1685503.4,2458909.38,2362704.25,2431560.91,2798553.25,2555238.51,2783249.59,2758660.61,2785744.26,2676248.5,2424240.33,2415091.32,2320026.59,2779912.9,2542813.05,2692340.61,1734526.16,1609969.3,1737845.22,1670353.43,1685997.06,1656796.54,1688406.79,1680347.17,1615754.35,1666087.54,1600297.2,1648386.91,339238.74,290284.63,315348.13,304212.75,332656.98,301961.67,329321.5,307477.47,307384.12,315089.58,304235.24,311076.08,317447.94,271622.06,295074.61,294262.31,301717.74,282592.06,308149.63,287771.04,287642.76,294844.63,284674.13,300299.77,,,,,,,,,,,,,,,,,,,,,,,,,,,,,,,,,,,,,,,,,,,,,,,,,,,,,,,,,,,,,,,,,,,,,,,,,,,,,,,,,,,,,,,,,,,,,,,,
Allegheny Energy Supply Company,,,WESTBANK,ELPASOMERLP,99469733.06999996,,1213499.76,2627597.51,4109660.47,13357803.32,13388573.02,13146779.89,11603977.93,10507832.15,10438444.32,10826721.48,10282286.110000001,10431469.63,1388919.59,1019032.09,788848.87,1375051.04,1349868.38,1004803.2,542592.85,-385827.02,243394.39,1266745.89,1488766.15,1852461.61,-763140.36,-754001.44,-903323.8,-1094384.87,-1142939.06,-1072995.89,-764279.37,-585890.72,-805585.47,-918042.4,-930040.37,-850295.58,-614975.35,-641593.57,-785065.13,-764072.47,-732068.62,-633401.17,-395664.18,-338832.56,-547214.12,-667765.36,-655486.54,-609586.76,-836996.22,-819346.36,-946865.2,-870316.97,-854846.28,-545039.1,19746.11,459028.57,-171421.43,-747191.49,-755290.25,-750090.73,-95802.3,-88030.22,-100541,-94485,-90098.8,-40337.84,48534.89,130155.15,22010.6,-75750.2,-76919.28,-79985.15,0,0,0,0,0,0,0,0,0,0,0,0,0,0,0,0,0,0,0,0,0,0,0,0,0,0,0,0,0,0,0,0,0,0,0,0,78952,75399.1,85884.26,83785.76,74237.8,37314.8,-33915,-98690.9,-13466.91,63159.73,66036.55,71178.1,72309.35,71955.21,78814.13,73996.21,70795.78,33213.3,-34013.16,-95440.21,-14101.64,59977,60613.41,62959.43,0,0,0,0,0,0,0,0,0,0,0,0,0,0,0,0,0,0,0,0,0,0,0,0
Allegheny Energy Supply Company,,,WESTBANK,ENGAGEENEAME,437486.95999999996,,19161.33,28701.18,31044.51,-54248,-54164.41,-51996.83,200499.12,141211.72,177278.34,0,0,0,0,0,0,0,0,0,0,0,0,0,0,0,0,0,0,0,0,0,0,0,0,0,0,0,0,0,0,0,0,0,0,0,0,0,0,0,0,0,0,0,0,0,0,0,0,0,0,0,,,,,,,,,,,,,,,,,,,,,,,,,,,,,,,,,,,,,,,,,,,,,,,,,,,,,,,,,,,,,,,,,,,,,,,,,,,,,,,,,,,,,,,,,,,,,,,,
"Alliant Energy Corporate Services, Inc.",,,WESTBANK,ENRONENESERINC,2036186362.559999,,28092973.19,67346162.8,79988713.52,77806107.27,74617876.17,47369196.07,8180277.19,-26609545.57,18087455.03,60229517.870000005,59805032.88,52759112.650000006,60673351.69,60334331.62,74427336.44,73691761.1,76613530.79,54471089.39,13806586.770000001,-8826804.52,28441679.4,60156401.49,62471351.25,53957515.74,40122925.32,40642114.09,48686059.55,48253733.949999996,44934964.82,32072638.5,15367501.79,6352542.06,25977763.630000003,39508484,36648046.75,35182849.9,27373263.099999998,26255806.54,30751150.94,31239907.15,28393959.839999996,23239868.39,15756253.280000001,8589259.75,15846663.51,22827936.19,20377650.98,21022401.66,17566230.24,16965929.65,19924892.33,20409261.29,18796515.900000002,4211775.67,-291719.68,-4588686.81,-823998.67,1704337.37,164509.7,1022704.12,3420047.2,3761175.66,5212196.28,5507563.64,5449030.48,3380449.54,-1159178.66,-3097847.18,871530.56,4366159.04,3441480.46,2701264.85,2283077.36,2714654.93,3611790.44,4467425.91,4251303,2473712.85,-1332791.7,-2708107.91,529197.13,3342150.29,2396662.49,1986072.32,2108388.6,2450995.9,3451425.61,4124515.06,3786578.23,2316937.17,-1369008.13,-2664553.18,389203.82,3086135.59,2209196.98,1711861.2,1805463.04,2200615.74,3231784.23,3756077.09,3442645.86,2080744.66,-1346921.54,-2517100.65,285599.81,2530108.15,1877944.9,1424794.69,-52404.73,-63108.49,-81827.16,-92621.21,-104980.96,-77249.51,-46.31999999999971,39642.1,0,0,0,0,,,,,,,,,,,,,,,,,,,,,,,,,,,,,,,,,,,,
Amerada Hess Corporation,,,WESTBANK,ENTERGYKOCTRA,5063017.790000001,,591765.6,909349,952549.16,0,0,0,882710.23,914945.36,811698.44,0,0,0,0,0,0,0,0,0,0,0,0,0,0,0,0,0,0,0,0,0,0,0,0,0,0,0,0,0,0,0,0,0,0,0,0,0,0,0,0,0,0,0,0,0,0,0,0,0,0,0,,,,,,,,,,,,,,,,,,,,,,,,,,,,,,,,,,,,,,,,,,,,,,,,,,,,,,,,,,,,,,,,,,,,,,,,,,,,,,,,,,,,,,,,,,,,,,,,
American Electric Power Service,,,WESTBANK,EXELONGENCOM,-7188975.06,,-399194.28,-609252.28,-659695.91,-656142.54,-639655.87,-539776.63,-483254.29,-458272,-482197.09,-626226.76,-588371.89,-586924.9,-20293.51,-18685.47,-20182.54,-20121.38,-20055.2,-19219,-19915.09,-19839.93,-19004.93,-20442.62,-18098.31,-19523.32,-19438.13,-17868.38,-20012,-19185.75,-18362.48,-19011.07,-18921.29,-18831,-18022.92,-18653,-17850.5,-18472.8,0,0,0,0,0,0,0,0,0,0,0,0,0,0,0,0,0,0,0,0,0,0,0,0,,,,,,,,,,,,,,,,,,,,,,,,,,,,,,,,,,,,,,,,,,,,,,,,,,,,,,,,,,,,,,,,,,,,,,,,,,,,,,,,,,,,,,,,,,,,,,,,
American Electric Power Service ,,,WESTBANK,EXPRESSPIPPAR,6647941.809999998,,47388.35,91039.09,107449.42,112003.96,120696.63,109341.9,73199.49,47176.43,65663.9,73631.54,74487.4,72825.13,65926.22,67968.39,86011.9,94171.76,115413.9,97901.69,55642.87,28877.55,54506.11,69391.66,76352.26,61486.51,64014.85,67272.05,78928.5,85738.4,103573.02,87739.02,54533.23,32730.07,53134.44,65740.07,69771.18,58583.1,60500.32,59352.5,72103.84,77403.23,92646.65,79062.14,52457.41,32543.32,50042.4,60749.58,63875.28,54619.14,56124.07,54644.6,65941.82,70867.21,83162.26,71754.35,49111.57,31892.28,46809.07,56138.57,58673.28,51274.15,51515.12,50407.9,60433.7,64572.79,75192.67,65213.39,45970.2,31058.04,44293.05,51295.65,53896.47,47690.54,47387.2,47715.92,55739.2,58191.06,68027.73,59707.92,41714.81,29978.47,40293.58,46870.12,49651.83,43287.25,43347.2,42064.47,50657.99,52705.69,61917.89,53532.06,38385.07,28080.97,37090.29,42841.86,45338.11,39752.39,40358.78,38424.03,45555.01,47809.29,55986.89,48485.43,35307.33,26281.84,34098.77,39611.11,40800.42,36412.97,36885.32,34988.65,41359.72,43266.77,50591.25,43838.6,0,0,0,0,0,0,,,,,,,,,,,,,,,,,,,,,,,,,,,,,,,,,,,,
ANP Marketing Company,,,WESTBANK,GLENDALECIT,516471.39,,0,0,0,0,0,0,0,0,0,155460.78,178474.76,182535.85,0,0,0,0,0,0,0,0,0,0,0,0,0,0,0,0,0,0,0,0,0,0,0,0,0,0,0,0,0,0,0,0,0,0,0,0,0,0,0,0,0,0,0,0,0,0,0,0,,,,,,,,,,,,,,,,,,,,,,,,,,,,,,,,,,,,,,,,,,,,,,,,,,,,,,,,,,,,,,,,,,,,,,,,,,,,,,,,,,,,,,,,,,,,,,,,
Aquila Energy Marketing Corporation,,,WESTBANK,IDACORPENECOR,69704288.55000001,,-423305.61,-1574241.5,-1660369.02,4925055.72,4948213.56,4567108.51,5421314.7,5627953.850000001,5074119.84,4062364.94,3800886.32,3790169.66,1940313,1895353.5,2184507.09,2364076.86,2734776.71,2798593.86,2845118.49,3191499.79,2567866.99,1915448.81,1828159.96,1749533,384753.52,425653.94,532829.69,622579.29,744129.61,628330.51,130568.55,40183.48,128575.48,178469.87,198783.17,149733.97,-18115.1,-32300.76,-57555.68,-111017.29,-189074.67,-189647.8,-156897.37,-136672.59,-143672.36,-52272.28,-65301.3,-21545.38,140201,160808.21,204005.37,235020.6,292036.36,242002,103160.51,16998.85,123686.39,158710.29,173176.76,140336.55,-137232.52,-149135.31,-187520.27,-213189,-262236.2,-219317.15,-99652.23,-26602.24,-112434.48,-153115.55,-159343.42,-131113.5,0,0,0,0,0,0,0,0,0,0,0,0,0,0,0,0,0,0,0,0,0,0,0,0,0,0,0,0,0,0,0,0,0,0,0,0,0,0,0,0,0,0,0,0,0,0,0,0,,,,,,,,,,,,,,,,,,,,,,,,,,,,,,,,,,,,
Aquila Risk Management Corporation,,,WESTBANK,IDAHOPOWER,129339,,129339,0,0,0,0,0,0,0,0,0,0,0,0,0,0,0,0,0,0,0,0,0,0,0,0,0,0,0,0,0,0,0,0,0,0,0,0,0,0,0,0,0,0,0,0,0,0,0,0,0,0,0,0,0,0,0,0,0,0,0,,,,,,,,,,,,,,,,,,,,,,,,,,,,,,,,,,,,,,,,,,,,,,,,,,,,,,,,,,,,,,,,,,,,,,,,,,,,,,,,,,,,,,,,,,,,,,,,
Arizona Public Service Company,,,WESTBANK,KNAUFFIBGLA,9128222.05,,157815.39,281189.57,321705.14,326337.98,333069.7,284222.25,225265.53,181697.03,224972.38,284875.89,267222.22,267238.47,268374.34,255663.18,300675.33,305694.94,311074.94,266196,195196.57,166379.74,216534.07,279748.03,264338.94,251241.1,252568.4,251099.22,281657.33,288273.36,294258.72,247466.62,180378.52,152492.85,201040.88,263261.07,244894.34,234102.01,0,0,0,0,0,0,0,0,0,0,0,0,0,0,0,0,0,0,0,0,0,0,0,0,,,,,,,,,,,,,,,,,,,,,,,,,,,,,,,,,,,,,,,,,,,,,,,,,,,,,,,,,,,,,,,,,,,,,,,,,,,,,,,,,,,,,,,,,,,,,,,,
"Avista Energy, Inc.",,,WESTBANK,MIECO,-12542882.289999997,,-465814.82,-866093.15,-1057345.68,-1247418.79,-1338853.31,-1186617.22,-752641.66,-485703.97,-605287.36,-645619.7,-859134.77,-829214.15,-209613.27,-218620.04,-319852.86,-272166.61,-396901.65,-309041.84,-80080.85,40687.11,-24311.1,-142468.5,-215365.41,-55402.69,0,0,0,0,0,0,0,0,0,0,0,0,0,0,0,0,0,0,0,0,0,0,0,0,0,0,0,0,0,0,0,0,0,0,0,0,,,,,,,,,,,,,,,,,,,,,,,,,,,,,,,,,,,,,,,,,,,,,,,,,,,,,,,,,,,,,,,,,,,,,,,,,,,,,,,,,,,,,,,,,,,,,,,,
BP Corporation North America Inc.,,,WESTBANK,MIRANTAMEENE,39404998.33,,-1271742.16,-1575666.56,-2060272.4,1301592.32,1158736.9,873049.98,-1537295.95,-2284854.31,-1385016.58,1892094.28,1760112.78,1552875.76,2605045.72,2468165.72,2767790.88,2717241.56,2505409.6,2260317.57,2473295.53,3000977,2892516.43,2678690.7,2114306.68,2243766.12,14670.16,-99374.09,-229079.83,224896.49,-10629.12,241069.15,296113.48,416130.2,236595.81,130618.22,6112.010000000009,250726.58,660600.05,663158.73,755372.73,836226.13,611704.43,554551.25,132530.77,19537.14,343212.54,682262.31,572198.62,662544.13,311693.74,313468.22,315715.88,298112.94,198546.89,128329.73,-58711.13,-111185.09,108295.21,250602.67,221936.7,305307.11,,,,,,,,,,,,,,,,,,,,,,,,,,,,,,,,,,,,,,,,,,,,,,,,,,,,,,,,,,,,,,,,,,,,,,,,,,,,,,,,,,,,,,,,,,,,,,,,
BP Energy Company,,,WESTBANK,MODESTOIRR,2251719.26,,0,0,0,0,0,567403.24,254470.41,225381.77,235261.29,0,0,0,0,0,0,0,0,412308.77,196195.25,152003,208695.53,0,0,0,0,0,0,0,0,0,0,0,0,0,0,0,0,0,0,0,0,0,0,0,0,0,0,0,0,0,0,0,0,0,0,0,0,0,0,0,,,,,,,,,,,,,,,,,,,,,,,,,,,,,,,,,,,,,,,,,,,,,,,,,,,,,,,,,,,,,,,,,,,,,,,,,,,,,,,,,,,,,,,,,,,,,,,,
Calpine Energy Services L.P.,,,WESTBANK,MORGAN,-43556957.899999976,,1151942.95,-2083957.97,-1956919.66,-2973178.08,-2487913.93,-198296.64,1278628.36,196866.7,-170778.14,-3340592.32,-2830027.81,-2508636.47,-1640291.34,-1485611.93,-1633844.36,-1789185.29,-1942337.5,-1672535.19,-1300100.79,-1195994.62,-1282357.52,-1715326.62,-1647342.43,-1718174.01,-1060355.8,-997342.47,-1139879.64,-1432076.05,-1458643.58,-1278019.84,-190068.84,117927.41,-253491.82,-1196539.82,-1200572.29,-1163028.65,185505.79,173085.14,192559.19,184770.55,181906.73,183022.69,180082.75,187753.18,175956.63,181682.06,174154.11,179713.42,105963.9,97298.82,107792.92,110305.4,113795.71,111041.34,102860.13,105124.88,99652.66,102755.29,98624.19,100239.85,-29554.33,-33150.32,-39467.77,-57312,-52952.47,-29790.7,-17926.01,4842.319999999992,-18781.17,-29856.41,-38971.45,-33307.54,-10794.36,-15144.3,-28713.03,-29030.32,-33425.43,-19825.66,5967.430000000008,15111.45,4342.09,-11636.58,-29373.48,-8629.23,-8923.35,-13846.74,-25898.04,-26329.82,-38605.75,-9990.41,6855.38,15532.87,5295.06,-9940.329999999994,-26518.58,-6975.85,-14118.87,-12107.44,-15818.42,-23913.91,-35205.04,-8452.900000000009,7602.219999999994,15772.79,6095.0799999999945,-15212.02,-16935.18,-5530.71,0,0,0,0,0,0,0,0,0,0,0,0,,,,,,,,,,,,,,,,,,,,,,,,,,,,,,,,,,,,
"Cargill, Incorporated",,,WESTBANK,NRGPOWMAR,-4638778.300000001,,-945292,-1415924.81,-1531529.33,-550229.76,-502955.22,-259984.16,0,0,0,209626.76,188769.31,168740.91,0,0,0,0,0,0,0,0,0,0,0,0,0,0,0,0,0,0,0,0,0,0,0,0,0,0,0,0,0,0,0,0,0,0,0,0,0,0,0,0,0,0,0,0,0,0,0,0,,,,,,,,,,,,,,,,,,,,,,,,,,,,,,,,,,,,,,,,,,,,,,,,,,,,,,,,,,,,,,,,,,,,,,,,,,,,,,,,,,,,,,,,,,,,,,,,
Central Illinois Light Company,,,WESTBANK,PACIFICOPOWMAR,22321168.630000003,,0,0,0,0,0,0,0,0,0,0,0,0,0,0,0,0,0,0,0,0,0,0,0,0,675744.22,712810.03,827601.96,865839.53,1074611.66,874246.02,459344.49,206187.53,470163.79,649685.69,722109.79,578255.78,634239.48,620539.87,749063.39,776672.62,954442.54,783349.63,453424.15,218080.64,445742.63,596751.45,654341.09,534951.19,581797.46,564857.36,677872.55,707638.63,848690.39,705581.17,424163.88,220081.33,415193.18,545751.53,594032.67,497309.31,,,,,,,,,,,,,,,,,,,,,,,,,,,,,,,,,,,,,,,,,,,,,,,,,,,,,,,,,,,,,,,,,,,,,,,,,,,,,,,,,,,,,,,,,,,,,,,,
"Cinergy Services, Inc.",,,WESTBANK,PACIFICOR,13567665.219999997,,-60717.45,-493913.4,-730659.29,115819.1,111600.9,114393.08,3894309.83,3719463.37,3796120.26,156556.69,142189.87,136949.14,114151,126126.95,148846.22,171031.74,213086.49,160959.29,42319.56,-27279.9,68892.86,120100.42,133475.06,114699.49,106132.2,114893.71,139483.45,152334.84,179401.43,148856.68,46262.56,-10733.65,67405.7,105855.86,124418,104833.16,0,0,0,0,0,0,0,0,0,0,0,0,0,0,0,0,0,0,0,0,0,0,0,0,,,,,,,,,,,,,,,,,,,,,,,,,,,,,,,,,,,,,,,,,,,,,,,,,,,,,,,,,,,,,,,,,,,,,,,,,,,,,,,,,,,,,,,,,,,,,,,,
City of Palo Alto,,,WESTBANK,PALOALTOCIT,42922482.03999999,,696572.58,1148384.64,1290664.68,1321024.43,1368935.59,1250399,1159241.03,1074185.2,1132513.15,1270360.07,1210570.22,1232105.61,1232340.1,1136892.73,1290375.41,1273940.59,1305709.73,1194450.57,1078241,1020276.6,1091350.39,1233325.2,1177521.52,1171961.5,1171337.88,1121477.28,1221316.02,1208212.24,1239328,1124889.81,1014476.28,957862.97,1026556.42,1164826.17,1104565.65,1101759.41,1104532.37,0,0,0,0,0,0,0,0,0,0,0,0,0,0,0,0,0,0,0,0,0,0,0,,,,,,,,,,,,,,,,,,,,,,,,,,,,,,,,,,,,,,,,,,,,,,,,,,,,,,,,,,,,,,,,,,,,,,,,,,,,,,,,,,,,,,,,,,,,,,,,
"CLECO Marketing and Trading, LLC",,,WESTBANK,PGEENEPOWLP,26372143.989999987,,-450392.91,58795.95,83837.49,-222835.16,100796.4,179562.39,1250644.21,1117493,850321.76,-526640.05,-619653.66,-422292.47,947267.93,939528.97,1126253.53,993205.38,1146202.83,1040709.94,188724.15,4492.59,412596.99,668440.68,584971.43,575947.27,596475.89,608850.66,761994.38,1051934.53,1085635.75,933907.85,316734.76,4635.68,476309.61,795561.37,807592.26,673696.77,585546.05,614412.58,776299.74,802425.68,874535.2,770114.36,292763.47,59943.69,397065.56,614229.08,642390.15,540661.07,60144.06,89004.64,145945.95,202425.49,322264.39,310340.12,13644.95,-127811.29,11106.2,77754.72,113885.52,41744.46,,,,,,,,,,,,,,,,,,,,,,,,,,,,,,,,,,,,,,,,,,,,,,,,,,,,,,,,,,,,,,,,,,,,,,,,,,,,,,,,,,,,,,,,,,,,,,,,
"CMS Marketing, Services and Trading",,,WESTBANK,PINNACLEWESCAPC,6895067.500000001,,-195546.11,-253901.39,-380653.49,91780.46,97695.12,288508.14,743359.38,746349.86,397753.49,1342272.15,1240484.06,1237726.79,145079.11,127294.77,144285.74,120692.05,130840.86,127326,87607.25,186476.23,52263.55,134710.74,143089.79,139572.95,0,0,0,0,0,0,0,0,0,0,0,0,0,0,0,0,0,0,0,0,0,0,0,0,0,0,0,0,0,0,0,0,0,0,0,0,,,,,,,,,,,,,,,,,,,,,,,,,,,,,,,,,,,,,,,,,,,,,,,,,,,,,,,,,,,,,,,,,,,,,,,,,,,,,,,,,,,,,,,,,,,,,,,,
"ConAgra Energy Services, Inc.",,,WESTBANK,POWEREXCOR,13421752.919999996,,48539.51,189965.27,528073.59,1382518.4,1451409.46,1235227.16,-469254.14,-1111612.49,-687159.48,-100096,162789.33,92548.93,-106682.28,-16977.01,65937.76,121082.85,368386.07,195697.67,-317241.62,-607400.23,-307305.65,-149140.8,19811,-194388.88,31082.68,107507.04,184164.4,228413.76,422836.23,226644.8,-248430.29,-522912.85,-191556.65,-2216.64,120209.25,-55148.58,59972.93,106278.17,180220.13,213850.83,377595.09,211937.19,-169430.75,-418376.76,-135147.76,22056.15,123297.83,-22671.87,78350.98,114132.59,179617.64,210103.33,349190.84,204787.97,-121517.23,-336994.32,-93494.35,41207.13,128303.46,5360,87325.54,119775.86,178176.76,203574.73,324551.72,198095.83,-81400.02,-268406.55,-54672.51,53453.67,131614.37,26333.64,99533.41,128890.62,181900.18,197348.2,306649.67,195543.6,-56571.57,-207198.05,-32052.47,66669.16,137456.77,40645.92,106698.84,126590.3,178348.63,191206.15,289120.24,187477.81,-31541.93,-164935.45,-10709.26,75798.12,138441.15,53267,117639.36,129113.72,173704.77,187041.27,274021.38,183239.06,-8523.88,-126145.76,9098.75,87490.59,137882.05,65289.62,124130.91,131585.44,172686.04,183369,261490.11,179529.6,16072.35,-98528.86,25776.66,94955.36,139103.9,75277.6,130024.36,138321.66,172020.37,182399.8,250007.45,177095.78,33695.63,-68253.91,43680.13,100688.81,141483.99,86775.1,133374.54,138170.98,177143.79,183072.92,248351.61,180067.77,41291.98,-51012,54752.84,107871.44,145945.02,95610.46,138642.63,141960.72,179497.79,185145.17,247146.11,182022.5,51510.65,-31757.62,61803.54,114255.34,151022.31,101673.35
"Conectiv Energy Supply, Inc.",,,WESTBANK,PPL E,-297554.74,,0,0,0,0,0,0,-113102.11,-42629.95,-141822.68,0,0,0,0,0,0,0,0,0,0,0,0,0,0,0,0,0,0,0,0,0,0,0,0,0,0,0,0,0,0,0,0,0,0,0,0,0,0,0,0,0,0,0,0,0,0,0,0,0,0,0,,,,,,,,,,,,,,,,,,,,,,,,,,,,,,,,,,,,,,,,,,,,,,,,,,,,,,,,,,,,,,,,,,,,,,,,,,,,,,,,,,,,,,,,,,,,,,,,
Connecticut Municipal Electric Energy,,,WESTBANK,PPLMON,-34541575.029999994,,-381430.13,-737772.98,-881531.24,-919975.61,-991966.58,-897811.95,-596204.08,-379371.05,-533903.25,-599865.98,-607490.05,-593229.99,-535774.81,-554141.08,-703229.87,-771726.75,-948332.41,-802874.55,-450333.7,-227340.75,-441389.45,-565041.5,-623543.47,-499293.83,-520420.46,-548455.54,-644813.2,-702054.91,-850300.74,-718819.55,-441753.55,-260121.23,-430621.52,-535305.45,-569377.36,-475803.3,-491842.28,-483520.55,-588655.78,-633288.66,-759967.4,-647210.62,-425178.33,-259289.45,-455230.79,-545575.22,-570113.31,-494033.94,-506367.35,-490131.33,-587804.43,-627390.35,-730932.33,-634463.38,-446798,-303110.48,-426030.88,-504827.12,-524527.9,-463863.28,,,,,,,,,,,,,,,,,,,,,,,,,,,,,,,,,,,,,,,,,,,,,,,,,,,,,,,,,,,,,,,,,,,,,,,,,,,,,,,,,,,,,,,,,,,,,,,,
Conoco Gas and Power Marketing,,,WESTBANK,PUBLICSERNM,2398606.1799999997,,-70258.19,-105237.65,-113829.88,557979.48,557119.63,534824.55,-133666.08,-138547.35,-122913,-116754.14,-107868.18,-107602.9,152201.33,140141.05,151369,150910.36,150414,144142.65,149363.14,148799.45,142537,153319.68,135737.35,146424.88,0,0,0,0,0,0,0,0,0,0,0,0,0,0,0,0,0,0,0,0,0,0,0,0,0,0,0,0,0,0,0,0,0,0,0,0,,,,,,,,,,,,,,,,,,,,,,,,,,,,,,,,,,,,,,,,,,,,,,,,,,,,,,,,,,,,,,,,,,,,,,,,,,,,,,,,,,,,,,,,,,,,,,,,
"Consolidated Edison Energy, Inc.",,,WESTBANK,PUDSNOHOMISHCTY,123153247.41999997,,922288.5,1505294.7,1701575.86,1676642.09,1752999.32,1663403.4,1550850.81,1440090.13,1474660.35,1546909.57,1506230.07,1536127,1504157.39,1390899.94,1581124.47,1570460.07,1695918.34,1579803.42,1438383.25,1322308.19,1385934.38,1483361.29,1467660.11,1438997.09,1444370.92,1377391.08,1496372.79,1480541.04,1588528.27,1480194.65,1373551.79,1277233.32,1320340.75,1405510.96,1379147.39,1363255.12,1365634.33,1248520.21,1403363.41,1383167.78,1477972.71,1380945.4,1299568.86,1211000.26,1244020.91,1319021.11,1291049.98,1281066.92,1281739.94,1169673.12,1312397.49,1293224.22,1373964.15,1288413.7,1221828.03,1144841.13,1169427.64,1236851.73,1208805.44,1204926.51,1200899.47,1096785.85,1228591.37,1208357.27,1280275.03,1202824.72,1148682.49,1081544.9,1101286.92,1157275.56,1131754.85,1131118.53,1124833.82,1061976.33,1149909.58,1124591.25,1191218.52,1122559.45,1071683.62,1017751.3,1027217.84,1079418.75,1056630.91,1053548.98,1049122.32,955978.79,1070842.85,1046201.66,1108748.74,1042085.48,1001713.45,954225.75,960500.07,1007903.96,986231.47,985012.77,0,0,0,0,0,0,0,0,0,0,0,0,0,0,0,0,0,0,0,0,0,0,0,0,,,,,,,,,,,,,,,,,,,,,,,,,,,,,,,,,,,,
"Consolidated Edison Energy, Inc.",,,WESTBANK,PUGETSOUENE,1550451.57,,459722.11,538251.93,552477.53,0,0,0,0,0,0,0,0,0,0,0,0,0,0,0,0,0,0,0,0,0,0,0,0,0,0,0,0,0,0,0,0,0,0,0,0,0,0,0,0,0,0,0,0,0,0,0,0,0,0,0,0,0,0,0,0,0,,,,,,,,,,,,,,,,,,,,,,,,,,,,,,,,,,,,,,,,,,,,,,,,,,,,,,,,,,,,,,,,,,,,,,,,,,,,,,,,,,,,,,,,,,,,,,,,
"Coral Energy Holding, L.P.",,,WESTBANK,PUGRANTCTY,9395426.13,,-1757752.2,616078.77,1836800.38,2705683.83,2742944.19,2666694.65,-1869498.07,-4153605.03,-4019195.54,0,0,0,0,0,0,0,0,0,0,0,0,0,0,0,0,0,0,0,0,0,0,0,0,0,0,0,0,0,0,0,0,0,4031807.89,0,0,0,0,0,0,0,0,0,558125.27,606897.07,5430444.92,0,0,0,0,0,,,,,,,,,,,,,,,,,,,,,,,,,,,,,,,,,,,,,,,,,,,,,,,,,,,,,,,,,,,,,,,,,,,,,,,,,,,,,,,,,,,,,,,,,,,,,,,,
"Dayton Power & Light Company, The",,,WESTBANK,RELIANTENESER,-28457693.55999999,,-1586786.77,-2500741.67,-2733788.82,-2267041.53,-2061189.87,-1770760.52,26329.82,1720540.74,-388948.69,-2342519.73,-2321121.22,-2237464.14,-193803,-215817.22,-313838.46,-322948.16,-251692.75,239276.8,1121717.17,1749881.49,640466.07,-113456.56,-154740.58,-118116.07,-1199818.67,-1102926,-1261654.79,-1233835.46,-1086967,-493812.56,755905.56,1539525.91,456430.33,-541590.3,-592993.56,-651905.25,-860865.81,-822677.2,-936087.68,-912221.49,-815655.17,-461196,234359.56,857608.71,37022,-711325.15,-735795.45,-789800.49,-111179.54,-106225.58,-120944.77,-113413,-109301.65,-56872.16,37373.49,122287.64,10467,-90927.77,-94416.92,-97700.67,,,,,,,,,,,,,,,,,,,,,,,,,,,,,,,,,,,,,,,,,,,,,,,,,,,,,,,,,,,,,,,,,,,,,,,,,,,,,,,,,,,,,,,,,,,,,,,,
"Detroit Edison Company, The",,,WESTBANK,SMUD,2681306.62,,0,0,0,942413.8,957921.45,780971.37,0,0,0,0,0,0,0,0,0,0,0,0,0,0,0,0,0,0,0,0,0,0,0,0,0,0,0,0,0,0,0,0,0,0,0,0,0,0,0,0,0,0,0,0,0,0,0,0,0,0,0,0,0,0,,,,,,,,,,,,,,,,,,,,,,,,,,,,,,,,,,,,,,,,,,,,,,,,,,,,,,,,,,,,,,,,,,,,,,,,,,,,,,,,,,,,,,,,,,,,,,,,
Duke Energy Trading and Marketing,,,WESTBANK,SRP,-2230971.63,,-574201.05,-777631.35,-879139.23,0,0,0,0,0,0,0,0,0,0,0,0,0,0,0,0,0,0,0,0,0,0,0,0,0,0,0,0,0,0,0,0,0,0,0,0,0,0,0,0,0,0,0,0,0,0,0,0,0,0,0,0,0,0,0,0,0,,,,,,,,,,,,,,,,,,,,,,,,,,,,,,,,,,,,,,,,,,,,,,,,,,,,,,,,,,,,,,,,,,,,,,,,,,,,,,,,,,,,,,,,,,,,,,,,
Duke Energy Trading and Marketing,,,WESTBANK,TRACTEBEENEMAR,-23928359.240000002,,-811845.54,-1264947.09,-1404478.94,-1175582.62,-1184100.16,-1057442.35,-975376.18,-816437.86,-904026.91,-2029639.92,-1823709.79,-1755615.44,-554771.62,-569239.28,-695629.39,-748900.67,-769043.92,-532673.21,-151030.11,65369,-336654,-617809.13,-556043.63,-516735.52,-223959.41,-241139.71,-312777.49,-357092.69,-370869.12,-300765.62,-88105.39,17873.7,-152321.34,-258239.36,-244347.53,-210251,0,0,0,0,0,0,0,0,0,0,0,0,0,0,0,0,0,0,0,0,0,0,0,0,,,,,,,,,,,,,,,,,,,,,,,,,,,,,,,,,,,,,,,,,,,,,,,,,,,,,,,,,,,,,,,,,,,,,,,,,,,,,,,,,,,,,,,,,,,,,,,,
Edison Mission Marketing & Trading,,,WESTBANK,TRANSAENEMARUS,-11503429.46,,-2326055.15,-3862889.63,-4875574.48,-154505.91,-169338.97,-253051.25,141867.95,57722.1,111685.31,-55723.57,-73546.49,-44019.37,0,0,0,0,0,0,0,0,0,0,0,0,0,0,0,0,0,0,0,0,0,0,0,0,0,0,0,0,0,0,0,0,0,0,0,0,0,0,0,0,0,0,0,0,0,0,0,0,,,,,,,,,,,,,,,,,,,,,,,,,,,,,,,,,,,,,,,,,,,,,,,,,,,,,,,,,,,,,,,,,,,,,,,,,,,,,,,,,,,,,,,,,,,,,,,,
"El Paso Merchant Energy, L.P.",,,WESTBANK,TRANSCANPOWDIV,12687161.34,,718549.7,1087605.25,1177104.47,1415614.6,1382482.05,1178594.85,596356.36,556853.76,668930.28,1358593.65,1274805.76,1271670.61,0,0,0,0,0,0,0,0,0,0,0,0,0,0,0,0,0,0,0,0,0,0,0,0,0,0,0,0,0,0,0,0,0,0,0,0,0,0,0,0,0,0,0,0,0,0,0,0,,,,,,,,,,,,,,,,,,,,,,,,,,,,,,,,,,,,,,,,,,,,,,,,,,,,,,,,,,,,,,,,,,,,,,,,,,,,,,,,,,,,,,,,,,,,,,,,
"El Paso Merchant Energy, L.P.",,,WESTBANK,VERNONCIT,8416911.459999999,,333227.42,595549.46,659695.91,532147.1,505534.48,366453.86,450351.87,136415.85,480306.12,825770.2,802147,721917.63,332813.58,325127.24,386495.6,375263.75,358988.06,228706.33,0,0,0,0,0,0,0,0,0,0,0,0,0,0,0,0,0,0,0,0,0,0,0,0,0,0,0,0,0,0,0,0,0,0,0,0,0,0,0,0,0,0,,,,,,,,,,,,,,,,,,,,,,,,,,,,,,,,,,,,,,,,,,,,,,,,,,,,,,,,,,,,,,,,,,,,,,,,,,,,,,,,,,,,,,,,,,,,,,,,
EnergyUSA-TPC Corp.,,,WESTBANK,WELDEDTUBCO,24248675.519999996,,0,0,0,0,0,0,960117.39,958320.81,925598.32,954411.52,921594.85,949972.64,947487.91,853648.41,942306.65,909146.4,936361.3,903109.92,611089.57,608783.34,586924,604044.49,582213.78,599068.29,596454.36,555656.48,591319.47,569719.39,585986.2,564532.36,525842.09,523332,504106.77,518386.45,499284.23,513378.19,510805.15,459276.65,505934.06,487216.35,500894.73,482351,0,0,0,0,0,0,0,0,0,0,0,0,0,0,0,0,0,0,,,,,,,,,,,,,,,,,,,,,,,,,,,,,,,,,,,,,,,,,,,,,,,,,,,,,,,,,,,,,,,,,,,,,,,,,,,,,,,,,,,,,,,,,,,,,,,,
Engage Energy America LLC,,,WESTBANK,WILLIAMSENEMAR,-67171001.09000003,,-4401584.64,-5267913.13,-5503160.49,-5731403.970000001,-5455883.54,-5623954.19,-2823918.79,-2049281.78,-3332974.68,-3290752.94,-3127291.91,-3110378.17,-3937027.39,-3720984.68,-4465685.75,-3398202.45,-3542785.98,-2690926.06,-1384018.17,-625995.08,-2229044.32,-3747627.9,-3704781.36,-3432645.89,738432.62,711370.07,876716.04,672574.41,593853.7,623899.1,558815.27,700935.82,592667.34,630563.54,594002.12,602114,156845.18,238840.1,288254.33,248099.63,171947.06,245827.84,309367.02,646765.07,416688.9,209748.88,179513.92,234154.31,288346.4,296939.24,362302.1,318475.46,333176.67,333091.89,359006.36,471285.74,409179.82,340392.72,318922.01,279063.39,147651.12,151678.24,200747.14,177246.14,171099.94,70988.25,-62738.37,-147862.78,35361.29,157961,153541,126082.06,135317.65,145269.47,178582.16,169951.46,157477.84,60329.62,-65950.1,-138824.5,30723,144684.23,135123.53,119481.9,123142.67,127481.69,164193.42,156146.24,138940.52,55040.24,-66275.9,-135013.17,25246.06,132746.33,124276.42,109279,108764.91,117358.11,157554.55,144150.84,127959.9,48831.69,-65610.43,-130221,20919.34,117378.14,118972.24,99861,0,0,0,0,0,0,0,0,0,0,0,0,,,,,,,,,,,,,,,,,,,,,,,,,,,,,,,,,,,,
Engage Energy America LLC,,,Terminated Total,,1565612442.5099988,,,,,,,,,,,,,,,,,,,,,,,,,,,,,,,,,,,,,,,,,,,,,,,,,,,,,,,,,,,,,,,,,,,,,,,,,,,,,,,,,,,,,,,,,,,,,,,,,,,,,,,,,,,,,,,,,,,,,,,,,,,,,,,,,,,,,,,,,,,,,,,,,,,,,,,,,,,,,
"Engage Energy Canada, L.P.",,,,,,,,,,,,,,,,,,,,,,,,,,,,,,,,,,,,,,,,,,,,,,,,,,,,,,,,,,,,,,,,,,,,,,,,,,,,,,,,,,,,,,,,,,,,,,,,,,,,,,,,,,,,,,,,,,,,,,,,,,,,,,,,,,,,,,,,,,,,,,,,,,,,,,,,,,,,,,,,,,
"Entergy-Koch Trading, LP",,,,,,,,,,,,,,,,,,,,,,,,,,,,,,,,,,,,,,,,,,,,,,,,,,,,,,,,,,,,,,,,,,,,,,,,,,,,,,,,,,,,,,,,,,,,,,,,,,,,,,,,,,,,,,,,,,,,,,,,,,,,,,,,,,,,,,,,,,,,,,,,,,,,,,,,,,,,,,,,,,
"Entergy-Koch Trading, LP",,,,,,,,,,,,,,,,,,,,,,,,,,,,,,,,,,,,,,,,,,,,,,,,,,,,,,,,,,,,,,,,,,,,,,,,,,,,,,,,,,,,,,,,,,,,,,,,,,,,,,,,,,,,,,,,,,,,,,,,,,,,,,,,,,,,,,,,,,,,,,,,,,,,,,,,,,,,,,,,,,
"Exelon Generation Company, LLC",,,,,,,,,,,,,,,,,,,,,,,,,,,,,,,,,,,,,,,,,,,,,,,,,,,,,,,,,,,,,,,,,,,,,,,,,,,,,,,,,,,,,,,,,,,,,,,,,,,,,,,,,,,,,,,,,,,,,,,,,,,,,,,,,,,,,,,,,,,,,,,,,,,,,,,,,,,,,,,,,,
"Exelon Generation Company, LLC",,,,,,,,,,,,,,,,,,,,,,,,,,,,,,,,,,,,,,,,,,,,,,,,,,,,,,,,,,,,,,,,,,,,,,,,,,,,,,,,,,,,,,,,,,,,,,,,,,,,,,,,,,,,,,,,,,,,,,,,,,,,,,,,,,,,,,,,,,,,,,,,,,,,,,,,,,,,,,,,,,
Express Pipeline Partnership,,,,,,,,,,,,,,,,,,,,,,,,,,,,,,,,,,,,,,,,,,,,,,,,,,,,,,,,,,,,,,,,,,,,,,,,,,,,,,,,,,,,,,,,,,,,,,,,,,,,,,,,,,,,,,,,,,,,,,,,,,,,,,,,,,,,,,,,,,,,,,,,,,,,,,,,,,,,,,,,,,
Florida Power Corporation,,,,,,,,,,,,,,,,,,,,,,,,,,,,,,,,,,,,,,,,,,,,,,,,,,,,,,,,,,,,,,,,,,,,,,,,,,,,,,,,,,,,,,,,,,,,,,,,,,,,,,,,,,,,,,,,,,,,,,,,,,,,,,,,,,,,,,,,,,,,,,,,,,,,,,,,,,,,,,,,,,
"FPL Energy Power Marketing, Inc.",,,,,,,,,,,,,,,,,,,,,,,,,,,,,,,,,,,,,,,,,,,,,,,,,,,,,,,,,,,,,,,,,,,,,,,,,,,,,,,,,,,,,,,,,,,,,,,,,,,,,,,,,,,,,,,,,,,,,,,,,,,,,,,,,,,,,,,,,,,,,,,,,,,,,,,,,,,,,,,,,,
Idacorp Energy L.P.,,,,,,,,,,,,,,,,,,,,,,,,,,,,,,,,,,,,,,,,,,,,,,,,,,,,,,,,,,,,,,,,,,,,,,,,,,,,,,,,,,,,,,,,,,,,,,,,,,,,,,,,,,,,,,,,,,,,,,,,,,,,,,,,,,,,,,,,,,,,,,,,,,,,,,,,,,,,,,,,,,
Idaho Power Company,,,,,,,,,,,,,,,,,,,,,,,,,,,,,,,,,,,,,,,,,,,,,,,,,,,,,,,,,,,,,,,,,,,,,,,,,,,,,,,,,,,,,,,,,,,,,,,,,,,,,,,,,,,,,,,,,,,,,,,,,,,,,,,,,,,,,,,,,,,,,,,,,,,,,,,,,,,,,,,,,,
Lower Colorado River Authority,,,,,,,,,,,,,,,,,,,,,,,,,,,,,,,,,,,,,,,,,,,,,,,,,,,,,,,,,,,,,,,,,,,,,,,,,,,,,,,,,,,,,,,,,,,,,,,,,,,,,,,,,,,,,,,,,,,,,,,,,,,,,,,,,,,,,,,,,,,,,,,,,,,,,,,,,,,,,,,,,,
Maclaren Energy Inc.,,,,,,,,,,,,,,,,,,,,,,,,,,,,,,,,,,,,,,,,,,,,,,,,,,,,,,,,,,,,,,,,,,,,,,,,,,,,,,,,,,,,,,,,,,,,,,,,,,,,,,,,,,,,,,,,,,,,,,,,,,,,,,,,,,,,,,,,,,,,,,,,,,,,,,,,,,,,,,,,,,
"Merrill Lynch Capital Services, Inc.",,,,,,,,,,,,,,,,,,,,,,,,,,,,,,,,,,,,,,,,,,,,,,,,,,,,,,,,,,,,,,,,,,,,,,,,,,,,,,,,,,,,,,,,,,,,,,,,,,,,,,,,,,,,,,,,,,,,,,,,,,,,,,,,,,,,,,,,,,,,,,,,,,,,,,,,,,,,,,,,,,
Mirant Americas Energy Marketing,,,,,,,,,,,,,,,,,,,,,,,,,,,,,,,,,,,,,,,,,,,,,,,,,,,,,,,,,,,,,,,,,,,,,,,,,,,,,,,,,,,,,,,,,,,,,,,,,,,,,,,,,,,,,,,,,,,,,,,,,,,,,,,,,,,,,,,,,,,,,,,,,,,,,,,,,,,,,,,,,,
Mirant Americas Energy Marketing,,,,,,,,,,,,,,,,,,,,,,,,,,,,,,,,,,,,,,,,,,,,,,,,,,,,,,,,,,,,,,,,,,,,,,,,,,,,,,,,,,,,,,,,,,,,,,,,,,,,,,,,,,,,,,,,,,,,,,,,,,,,,,,,,,,,,,,,,,,,,,,,,,,,,,,,,,,,,,,,,,
Morgan Stanley Capital Group Inc.,,,,,,,,,,,,,,,,,,,,,,,,,,,,,,,,,,,,,,,,,,,,,,,,,,,,,,,,,,,,,,,,,,,,,,,,,,,,,,,,,,,,,,,,,,,,,,,,,,,,,,,,,,,,,,,,,,,,,,,,,,,,,,,,,,,,,,,,,,,,,,,,,,,,,,,,,,,,,,,,,,
"New Power Company, The",,,,,,,,,,,,,,,,,,,,,,,,,,,,,,,,,,,,,,,,,,,,,,,,,,,,,,,,,,,,,,,,,,,,,,,,,,,,,,,,,,,,,,,,,,,,,,,,,,,,,,,,,,,,,,,,,,,,,,,,,,,,,,,,,,,,,,,,,,,,,,,,,,,,,,,,,,,,,,,,,,
"New Power Company, The",,,,,,,,,,,,,,,,,,,,,,,,,,,,,,,,,,,,,,,,,,,,,,,,,,,,,,,,,,,,,,,,,,,,,,,,,,,,,,,,,,,,,,,,,,,,,,,,,,,,,,,,,,,,,,,,,,,,,,,,,,,,,,,,,,,,,,,,,,,,,,,,,,,,,,,,,,,,,,,,,,
"NRG Power Marketing, Inc.",,,,,,,,,,,,,,,,,,,,,,,,,,,,,,,,,,,,,,,,,,,,,,,,,,,,,,,,,,,,,,,,,,,,,,,,,,,,,,,,,,,,,,,,,,,,,,,,,,,,,,,,,,,,,,,,,,,,,,,,,,,,,,,,,,,,,,,,,,,,,,,,,,,,,,,,,,,,,,,,,,
"NRG Power Marketing, Inc.",,,,,,,,,,,,,,,,,,,,,,,,,,,,,,,,,,,,,,,,,,,,,,,,,,,,,,,,,,,,,,,,,,,,,,,,,,,,,,,,,,,,,,,,,,,,,,,,,,,,,,,,,,,,,,,,,,,,,,,,,,,,,,,,,,,,,,,,,,,,,,,,,,,,,,,,,,,,,,,,,,
Omaha Public Power District,,,,,,,,,,,,,,,,,,,,,,,,,,,,,,,,,,,,,,,,,,,,,,,,,,,,,,,,,,,,,,,,,,,,,,,,,,,,,,,,,,,,,,,,,,,,,,,,,,,,,,,,,,,,,,,,,,,,,,,,,,,,,,,,,,,,,,,,,,,,,,,,,,,,,,,,,,,,,,,,,,
ONEOK Power Marketing Company,,,,,,,,,,,,,,,,,,,,,,,,,,,,,,,,,,,,,,,,,,,,,,,,,,,,,,,,,,,,,,,,,,,,,,,,,,,,,,,,,,,,,,,,,,,,,,,,,,,,,,,,,,,,,,,,,,,,,,,,,,,,,,,,,,,,,,,,,,,,,,,,,,,,,,,,,,,,,,,,,,
Otter Tail Power Company,,,,,,,,,,,,,,,,,,,,,,,,,,,,,,,,,,,,,,,,,,,,,,,,,,,,,,,,,,,,,,,,,,,,,,,,,,,,,,,,,,,,,,,,,,,,,,,,,,,,,,,,,,,,,,,,,,,,,,,,,,,,,,,,,,,,,,,,,,,,,,,,,,,,,,,,,,,,,,,,,,
Pacificorp,,,,,,,,,,,,,,,,,,,,,,,,,,,,,,,,,,,,,,,,,,,,,,,,,,,,,,,,,,,,,,,,,,,,,,,,,,,,,,,,,,,,,,,,,,,,,,,,,,,,,,,,,,,,,,,,,,,,,,,,,,,,,,,,,,,,,,,,,,,,,,,,,,,,,,,,,,,,,,,,,,
"PacifiCorp Power Marketing, Inc.",,,,,,,,,,,,,,,,,,,,,,,,,,,,,,,,,,,,,,,,,,,,,,,,,,,,,,,,,,,,,,,,,,,,,,,,,,,,,,,,,,,,,,,,,,,,,,,,,,,,,,,,,,,,,,,,,,,,,,,,,,,,,,,,,,,,,,,,,,,,,,,,,,,,,,,,,,,,,,,,,,
PG&E Energy Trading-Power L.P.,,,,,,,,,,,,,,,,,,,,,,,,,,,,,,,,,,,,,,,,,,,,,,,,,,,,,,,,,,,,,,,,,,,,,,,,,,,,,,,,,,,,,,,,,,,,,,,,,,,,,,,,,,,,,,,,,,,,,,,,,,,,,,,,,,,,,,,,,,,,,,,,,,,,,,,,,,,,,,,,,,
Powerex Corp.,,,,,,,,,,,,,,,,,,,,,,,,,,,,,,,,,,,,,,,,,,,,,,,,,,,,,,,,,,,,,,,,,,,,,,,,,,,,,,,,,,,,,,,,,,,,,,,,,,,,,,,,,,,,,,,,,,,,,,,,,,,,,,,,,,,,,,,,,,,,,,,,,,,,,,,,,,,,,,,,,,
"PPL EnergyPlus, LLC",,,,,,,,,,,,,,,,,,,,,,,,,,,,,,,,,,,,,,,,,,,,,,,,,,,,,,,,,,,,,,,,,,,,,,,,,,,,,,,,,,,,,,,,,,,,,,,,,,,,,,,,,,,,,,,,,,,,,,,,,,,,,,,,,,,,,,,,,,,,,,,,,,,,,,,,,,,,,,,,,,
"PPL EnergyPlus, LLC",,,,,,,,,,,,,,,,,,,,,,,,,,,,,,,,,,,,,,,,,,,,,,,,,,,,,,,,,,,,,,,,,,,,,,,,,,,,,,,,,,,,,,,,,,,,,,,,,,,,,,,,,,,,,,,,,,,,,,,,,,,,,,,,,,,,,,,,,,,,,,,,,,,,,,,,,,,,,,,,,,
"PPL Montana, LLC",,,,,,,,,,,,,,,,,,,,,,,,,,,,,,,,,,,,,,,,,,,,,,,,,,,,,,,,,,,,,,,,,,,,,,,,,,,,,,,,,,,,,,,,,,,,,,,,,,,,,,,,,,,,,,,,,,,,,,,,,,,,,,,,,,,,,,,,,,,,,,,,,,,,,,,,,,,,,,,,,,
PSEG Energy Resources & Trade LLC,,,,,,,,,,,,,,,,,,,,,,,,,,,,,,,,,,,,,,,,,,,,,,,,,,,,,,,,,,,,,,,,,,,,,,,,,,,,,,,,,,,,,,,,,,,,,,,,,,,,,,,,,,,,,,,,,,,,,,,,,,,,,,,,,,,,,,,,,,,,,,,,,,,,,,,,,,,,,,,,,,
Public Service Company of Colorado,,,,,,,,,,,,,,,,,,,,,,,,,,,,,,,,,,,,,,,,,,,,,,,,,,,,,,,,,,,,,,,,,,,,,,,,,,,,,,,,,,,,,,,,,,,,,,,,,,,,,,,,,,,,,,,,,,,,,,,,,,,,,,,,,,,,,,,,,,,,,,,,,,,,,,,,,,,,,,,,,,
Public Service Company of New Mexico,,,,,,,,,,,,,,,,,,,,,,,,,,,,,,,,,,,,,,,,,,,,,,,,,,,,,,,,,,,,,,,,,,,,,,,,,,,,,,,,,,,,,,,,,,,,,,,,,,,,,,,,,,,,,,,,,,,,,,,,,,,,,,,,,,,,,,,,,,,,,,,,,,,,,,,,,,,,,,,,,,
Public Utility District No.1 of Snohomish,,,,,,,,,,,,,,,,,,,,,,,,,,,,,,,,,,,,,,,,,,,,,,,,,,,,,,,,,,,,,,,,,,,,,,,,,,,,,,,,,,,,,,,,,,,,,,,,,,,,,,,,,,,,,,,,,,,,,,,,,,,,,,,,,,,,,,,,,,,,,,,,,,,,,,,,,,,,,,,,,,
Rainbow Energy Marketing Corporation,,,,,,,,,,,,,,,,,,,,,,,,,,,,,,,,,,,,,,,,,,,,,,,,,,,,,,,,,,,,,,,,,,,,,,,,,,,,,,,,,,,,,,,,,,,,,,,,,,,,,,,,,,,,,,,,,,,,,,,,,,,,,,,,,,,,,,,,,,,,,,,,,,,,,,,,,,,,,,,,,,
Reliant Energy HL&P,,,,,,,,,,,,,,,,,,,,,,,,,,,,,,,,,,,,,,,,,,,,,,,,,,,,,,,,,,,,,,,,,,,,,,,,,,,,,,,,,,,,,,,,,,,,,,,,,,,,,,,,,,,,,,,,,,,,,,,,,,,,,,,,,,,,,,,,,,,,,,,,,,,,,,,,,,,,,,,,,,
"Reliant Energy Services, Inc.",,,,,,,,,,,,,,,,,,,,,,,,,,,,,,,,,,,,,,,,,,,,,,,,,,,,,,,,,,,,,,,,,,,,,,,,,,,,,,,,,,,,,,,,,,,,,,,,,,,,,,,,,,,,,,,,,,,,,,,,,,,,,,,,,,,,,,,,,,,,,,,,,,,,,,,,,,,,,,,,,,
Sacramento Municipal Utility District,,,,,,,,,,,,,,,,,,,,,,,,,,,,,,,,,,,,,,,,,,,,,,,,,,,,,,,,,,,,,,,,,,,,,,,,,,,,,,,,,,,,,,,,,,,,,,,,,,,,,,,,,,,,,,,,,,,,,,,,,,,,,,,,,,,,,,,,,,,,,,,,,,,,,,,,,,,,,,,,,,
Tenaska Power Services Co.,,,,,,,,,,,,,,,,,,,,,,,,,,,,,,,,,,,,,,,,,,,,,,,,,,,,,,,,,,,,,,,,,,,,,,,,,,,,,,,,,,,,,,,,,,,,,,,,,,,,,,,,,,,,,,,,,,,,,,,,,,,,,,,,,,,,,,,,,,,,,,,,,,,,,,,,,,,,,,,,,,
"Tractebel Energy Marketing, Inc.",,,,,,,,,,,,,,,,,,,,,,,,,,,,,,,,,,,,,,,,,,,,,,,,,,,,,,,,,,,,,,,,,,,,,,,,,,,,,,,,,,,,,,,,,,,,,,,,,,,,,,,,,,,,,,,,,,,,,,,,,,,,,,,,,,,,,,,,,,,,,,,,,,,,,,,,,,,,,,,,,,
"Tractebel Energy Marketing, Inc.",,,,,,,,,,,,,,,,,,,,,,,,,,,,,,,,,,,,,,,,,,,,,,,,,,,,,,,,,,,,,,,,,,,,,,,,,,,,,,,,,,,,,,,,,,,,,,,,,,,,,,,,,,,,,,,,,,,,,,,,,,,,,,,,,,,,,,,,,,,,,,,,,,,,,,,,,,,,,,,,,,
TransAlta Energy Marketing (U.S) Inc.,,,,,,,,,,,,,,,,,,,,,,,,,,,,,,,,,,,,,,,,,,,,,,,,,,,,,,,,,,,,,,,,,,,,,,,,,,,,,,,,,,,,,,,,,,,,,,,,,,,,,,,,,,,,,,,,,,,,,,,,,,,,,,,,,,,,,,,,,,,,,,,,,,,,,,,,,,,,,,,,,,
TransCanada Power,,,,,,,,,,,,,,,,,,,,,,,,,,,,,,,,,,,,,,,,,,,,,,,,,,,,,,,,,,,,,,,,,,,,,,,,,,,,,,,,,,,,,,,,,,,,,,,,,,,,,,,,,,,,,,,,,,,,,,,,,,,,,,,,,,,,,,,,,,,,,,,,,,,,,,,,,,,,,,,,,,
"Western Resources, Inc.",,,,,,,,,,,,,,,,,,,,,,,,,,,,,,,,,,,,,,,,,,,,,,,,,,,,,,,,,,,,,,,,,,,,,,,,,,,,,,,,,,,,,,,,,,,,,,,,,,,,,,,,,,,,,,,,,,,,,,,,,,,,,,,,,,,,,,,,,,,,,,,,,,,,,,,,,,,,,,,,,,
Williams Energy Marketing & Trading ,,,,,,,,,,,,,,,,,,,,,,,,,,,,,,,,,,,,,,,,,,,,,,,,,,,,,,,,,,,,,,,,,,,,,,,,,,,,,,,,,,,,,,,,,,,,,,,,,,,,,,,,,,,,,,,,,,,,,,,,,,,,,,,,,,,,,,,,,,,,,,,,,,,,,,,,,,,,,,,,,,
Williams Energy Marketing and Trading ,,,,,,,,,,,,,,,,,,,,,,,,,,,,,,,,,,,,,,,,,,,,,,,,,,,,,,,,,,,,,,,,,,,,,,,,,,,,,,,,,,,,,,,,,,,,,,,,,,,,,,,,,,,,,,,,,,,,,,,,,,,,,,,,,,,,,,,,,,,,,,,,,,,,,,,,,,,,,,,,,,
"WPS Energy Services, Inc.",,,,,,,,,,,,,,,,,,,,,,,,,,,,,,,,,,,,,,,,,,,,,,,,,,,,,,,,,,,,,,,,,,,,,,,,,,,,,,,,,,,,,,,,,,,,,,,,,,,,,,,,,,,,,,,,,,,,,,,,,,,,,,,,,,,,,,,,,,,,,,,,,,,,,,,,,,,,,,,,,,
"Xcel Energy, a dba of XERS Inc.",,,,,,,,,,,,,,,,,,,,,,,,,,,,,,,,,,,,,,,,,,,,,,,,,,,,,,,,,,,,,,,,,,,,,,,,,,,,,,,,,,,,,,,,,,,,,,,,,,,,,,,,,,,,,,,,,,,,,,,,,,,,,,,,,,,,,,,,,,,,,,,,,,,,,,,,,,,,,,,,,,
