PRICE CURVES,,,,,,,,Calculate Averages from Mid or Bid??,mid,,,,,,,,,,,,,,,,,,,,,,,,,,,,,,,,,
,,,,,,,,,,,,,,,,,,,,,,,,,,,,,,,,,,,,,,,,,,
,,,,,,,,,,,,,,,,,,,,,,,,,,,,,,,,,,,,,,,,,,
,Updated as of:  ,1996-10-11 00:00:00,,Updated as of:  ,1996-10-03 00:00:00,,,,,,,,,,,,,,,,,,,,,,,,,,,,,,,,,,,,,
GAS,BID,MID,OIL,BID,MID,,GAS,mid,OIL,mid,,,,,,,,,,,,,,,,,,,,,,,,,,,,,,,,
2019-11-04 16:14:33.191000,2.342,2.347,2019-11-04 16:14:33.191000,23.357,23.387,,2019-11-04 16:14:33.191000,2.347,2019-11-04 16:14:33.191000,23.387,GAS/OIL YEARLY AVERAGES,,,,,,,,,,,,,,,,,,,,,,,,,,,,,,,
2019-12-01 00:00:00,2.527,2.532,2019-12-01 00:00:00,22.75,22.782,,2019-12-01 00:00:00,2.532,2019-12-01 00:00:00,22.782,,,,,,,,,,,,,,,,,,,,,,,,,,,Escalator:,0.02,,,,
2020-01-01 00:00:00,2.543,2.548,2020-01-01 00:00:00,22.191,22.226,,2020-01-01 00:00:00,2.548,2020-01-01 00:00:00,22.226,,,2019.0,2020.0,2021.0,2022.0,2023.0,2024.0,2025.0,2026.0,2027.0,2028.0,2029.0,2030.0,2031.0,2032.0,2033.0,2034.0,2035.0,2036.0,2037.0,2038.0,2039.0,2040.0,2041.0,2042.0,2043,2044.0,2045.0,2046.0,2047.0,Remainder
2020-02-01 00:00:00,2.413,2.418,2020-02-01 00:00:00,21.742,21.777,,2020-02-01 00:00:00,2.418,2020-02-01 00:00:00,21.777,,1.0,0.0,,,,,,,,,,,,,,,,,,,,,,,,,,,,,
2020-03-01 00:00:00,2.238,2.243,2020-03-01 00:00:00,21.322,21.357,,2020-03-01 00:00:00,2.243,2020-03-01 00:00:00,21.357,,2.0,0.0,,,,,,,,,,,,,,,,,,,,,,,,,,,,,
2020-04-01 00:00:00,2.07,2.075,2020-04-01 00:00:00,20.954,20.989,,2020-04-01 00:00:00,2.075,2020-04-01 00:00:00,20.989,,3.0,0.0,,,,,,,,,,,,,,,,,,,,,,,,,,,,,
2020-05-01 00:00:00,2.015,2.02,2020-05-01 00:00:00,20.587,20.622,,2020-05-01 00:00:00,2.02,2020-05-01 00:00:00,20.622,,4.0,0.0,,,,,,,,,,,,,,,,,,,,,,,,,,,,,
2020-06-01 00:00:00,1.98,1.985,2020-06-01 00:00:00,20.344,20.379,,2020-06-01 00:00:00,1.985,2020-06-01 00:00:00,20.379,,5.0,0.0,,,,,,,,,,,,,,,,,,,,,,,,,,,,,
2020-07-01 00:00:00,1.978,1.983,2020-07-01 00:00:00,20.089,20.124,,2020-07-01 00:00:00,1.983,2020-07-01 00:00:00,20.124,,6.0,0.0,,,,,,,,,,,,,,,,,,,,,,,,,,,,,
2020-08-01 00:00:00,1.978,1.983,2020-08-01 00:00:00,19.842,19.877,,2020-08-01 00:00:00,1.983,2020-08-01 00:00:00,19.877,,7.0,0.0,,,,,,,,,,,,,,,,,,,,,,,,,,,,,
2020-09-01 00:00:00,1.978,1.983,2020-09-01 00:00:00,19.635,19.67,,2020-09-01 00:00:00,1.983,2020-09-01 00:00:00,19.67,,8.0,0.0,,,,,,,,,,,,,,,,,,,,,,,,,,,,,
2020-10-01 00:00:00,1.988,1.993,2020-10-01 00:00:00,19.402,19.437,,2020-10-01 00:00:00,1.993,2020-10-01 00:00:00,19.437,,9.0,0.0,,,,,,,,,,,,,,,,,,,,,,,,,,,,,
2020-11-01 00:00:00,2.035,2.04,2020-11-01 00:00:00,19.217,19.252,,2020-11-01 00:00:00,2.04,2020-11-01 00:00:00,19.252,,10.0,0.0,,,,,,,,,,,,,,,,,,,,,,,,,,,,,
2020-12-01 00:00:00,2.125,2.13,2020-12-01 00:00:00,19.056,19.095,,2020-12-01 00:00:00,2.13,2020-12-01 00:00:00,19.095,,11.0,2.347,,,,,,,,,,,,,,,,,,,,,,,,,,,,,
2021-01-01 00:00:00,2.125,2.13,2021-01-01 00:00:00,18.921,18.966,,2021-01-01 00:00:00,2.13,2021-01-01 00:00:00,18.966,,12.0,,,,,,,,,,,,,,,,,,,,,,,,,,,,,,
2021-02-01 00:00:00,2.057,2.062,2021-02-01 00:00:00,18.815,18.86,,2021-02-01 00:00:00,2.062,2021-02-01 00:00:00,18.86,GAS AVERAGES,,0.0,0.0,0.0,0.0,0.0,0.0,0.0,0.0,0.0,0.0,0.0,0.0,0.0,0.0,0.0,0.0,0.0,0.0,0.0,0.0,0.0,0.0,0.0,0.0,0,0.0,0.0,0.0,0.0,0
2021-03-01 00:00:00,1.995,2,2021-03-01 00:00:00,18.687,18.732,,2021-03-01 00:00:00,2,2021-03-01 00:00:00,18.732,,,,,,,,,,,,,,,,,,,,,,,,,,,,,,,,
2021-04-01 00:00:00,1.965,1.97,2021-04-01 00:00:00,18.565,18.61,,2021-04-01 00:00:00,1.97,2021-04-01 00:00:00,18.61,,,,,,,,,,,,,,,,,,,,,,,,,,,,,,,,
2021-05-01 00:00:00,1.965,1.97,2021-05-01 00:00:00,18.468,18.513,,2021-05-01 00:00:00,1.97,2021-05-01 00:00:00,18.513,,,2019.0,2020.0,2021.0,2022.0,2023.0,2024.0,2025.0,2026.0,2027.0,2028.0,2029.0,2030.0,2031.0,2032.0,2033.0,2034.0,2035.0,2036.0,2037.0,2038.0,2039.0,2040.0,2041.0,2042.0,2043,2044.0,2045.0,2046.0,2047.0,Remainder
2021-06-01 00:00:00,1.965,1.97,2021-06-01 00:00:00,18.399,18.444,,2021-06-01 00:00:00,1.97,2021-06-01 00:00:00,18.444,,1.0,0.0,,,,,,,,,,,,,,,,,,,,,,,,,,,,,
2021-07-01 00:00:00,1.965,1.97,2021-07-01 00:00:00,18.339,18.384,,2021-07-01 00:00:00,1.97,2021-07-01 00:00:00,18.384,,2.0,0.0,,,,,,,,,,,,,,,,,,,,,,,,,,,,,
2021-08-01 00:00:00,1.965,1.97,2021-08-01 00:00:00,18.312,18.357,,2021-08-01 00:00:00,1.97,2021-08-01 00:00:00,18.357,,3.0,0.0,,,,,,,,,,,,,,,,,,,,,,,,,,,,,
2021-09-01 00:00:00,1.965,1.97,2021-09-01 00:00:00,18.302,18.347,,2021-09-01 00:00:00,1.97,2021-09-01 00:00:00,18.347,,4.0,0.0,,,,,,,,,,,,,,,,,,,,,,,,,,,,,
2021-10-01 00:00:00,1.965,1.97,2021-10-01 00:00:00,18.291,18.336,,2021-10-01 00:00:00,1.97,2021-10-01 00:00:00,18.336,,5.0,0.0,,,,,,,,,,,,,,,,,,,,,,,,,,,,,
2021-11-01 00:00:00,2.039,2.044,2021-11-01 00:00:00,18.285,18.33,,2021-11-01 00:00:00,2.044,2021-11-01 00:00:00,18.33,,6.0,0.0,,,,,,,,,,,,,,,,,,,,,,,,,,,,,
2021-12-01 00:00:00,2.157,2.162,2021-12-01 00:00:00,18.279,18.33,,2021-12-01 00:00:00,2.162,2021-12-01 00:00:00,18.33,,7.0,0.0,,,,,,,,,,,,,,,,,,,,,,,,,,,,,
2022-01-01 00:00:00,2.158,2.163,2022-01-01 00:00:00,18.27,18.33,,2022-01-01 00:00:00,2.163,2022-01-01 00:00:00,18.33,,8.0,0.0,,,,,,,,,,,,,,,,,,,,,,,,,,,,,
2022-02-01 00:00:00,2.073,2.078,2022-02-01 00:00:00,18.272,18.332,,2022-02-01 00:00:00,2.078,2022-02-01 00:00:00,18.332,,9.0,0.0,,,,,,,,,,,,,,,,,,,,,,,,,,,,,
2022-03-01 00:00:00,2.007,2.012,2022-03-01 00:00:00,18.279,18.339,,2022-03-01 00:00:00,2.012,2022-03-01 00:00:00,18.339,,10.0,0.0,,,,,,,,,,,,,,,,,,,,,,,,,,,,,
2022-04-01 00:00:00,1.958,1.963,2022-04-01 00:00:00,18.286,18.346,,2022-04-01 00:00:00,1.963,2022-04-01 00:00:00,18.346,,11.0,23.387,,,,,,,,,,,,,,,,,,,,,,,,,,,,,
2022-05-01 00:00:00,1.945,1.95,2022-05-01 00:00:00,18.292,18.352,,2022-05-01 00:00:00,1.95,2022-05-01 00:00:00,18.352,,12.0,,,,,,,,,,,,,,,,,,,,,,,,,,,,,,
2022-06-01 00:00:00,1.953,1.958,2022-06-01 00:00:00,18.297,18.357,,2022-06-01 00:00:00,1.958,2022-06-01 00:00:00,18.357,OIL AVERAGES,,0.0,0.0,0.0,0.0,0.0,0.0,0.0,0.0,0.0,0.0,0.0,0.0,0.0,0.0,0.0,0.0,0.0,0.0,0.0,0.0,0.0,0.0,0.0,0.0,0,0.0,0.0,0.0,0.0,0
2022-07-01 00:00:00,1.945,1.95,2022-07-01 00:00:00,18.302,18.362,,2022-07-01 00:00:00,1.95,2022-07-01 00:00:00,18.362,,,,,,,,,,,,,,,,,,,,,,,,,,,,,,,,
2022-08-01 00:00:00,1.945,1.95,2022-08-01 00:00:00,18.307,18.367,,2022-08-01 00:00:00,1.95,2022-08-01 00:00:00,18.367,,,,,,,,,,,,,,,,,,,,,,,,,,,,,,,,
2022-09-01 00:00:00,1.945,1.95,2022-09-01 00:00:00,18.312,18.372,,2022-09-01 00:00:00,1.95,2022-09-01 00:00:00,18.372,,,,,,,,,,,,,,,,,,,,,,,,,,,,,,,,
2022-10-01 00:00:00,1.945,1.95,2022-10-01 00:00:00,18.317,18.377,,2022-10-01 00:00:00,1.95,2022-10-01 00:00:00,18.377,,,,,,,,,,,,,,,,,,,,,,,,,,,,,,,,
2022-11-01 00:00:00,2.019,2.024,2022-11-01 00:00:00,18.323,18.384,,2022-11-01 00:00:00,2.024,2022-11-01 00:00:00,18.384,,,,,,,,,,,,,,,,,,,,,,,,,,,,,,,,
2022-12-01 00:00:00,2.137,2.142,2022-12-01 00:00:00,18.332,18.399,,2022-12-01 00:00:00,2.142,2022-12-01 00:00:00,18.399,,,,,,,,,,,,,,,,,,,,,,,,,,,,,,,,
2023-01-01 00:00:00,2.148,2.158,2023-01-01 00:00:00,18.34,18.412,,2023-01-01 00:00:00,2.158,2023-01-01 00:00:00,18.412,,,,,,,,,,,,,,,,,,,,,,,,,,,,,,,,
2023-02-01 00:00:00,2.063,2.073,2023-02-01 00:00:00,18.348,18.424,,2023-02-01 00:00:00,2.073,2023-02-01 00:00:00,18.424,,,,,,,,,,,,,,,,,,,,,,,,,,,,,,,,
2023-03-01 00:00:00,1.997,2.007,2023-03-01 00:00:00,18.357,18.439,,2023-03-01 00:00:00,2.007,2023-03-01 00:00:00,18.439,,,,,,,,,,,,,,,,,,,,,,,,,,,,,,,,
2023-04-01 00:00:00,1.948,1.958,2023-04-01 00:00:00,18.365,18.451,,2023-04-01 00:00:00,1.958,2023-04-01 00:00:00,18.451,,,,,,,,,,,,,,,,,,,,,,,,,,,,,,,,
2023-05-01 00:00:00,1.935,1.945,2023-05-01 00:00:00,18.373,18.465,,2023-05-01 00:00:00,1.945,2023-05-01 00:00:00,18.465,,,,,,,,,,,,,,,,,,,,,,,,,,,,,,,,
2023-06-01 00:00:00,1.943,1.953,2023-06-01 00:00:00,18.382,18.479,,2023-06-01 00:00:00,1.953,2023-06-01 00:00:00,18.479,,,,,,,,,,,,,,,,,,,,,,,,,,,,,,,,
2023-07-01 00:00:00,1.935,1.945,2023-07-01 00:00:00,18.39,18.492,,2023-07-01 00:00:00,1.945,2023-07-01 00:00:00,18.492,,,,,,,,,,,,,,,,,,,,,,,,,,,,,,,,
2023-08-01 00:00:00,1.935,1.945,2023-08-01 00:00:00,18.398,18.505,,2023-08-01 00:00:00,1.945,2023-08-01 00:00:00,18.505,,,,,,,,,,,,,,,,,,,,,,,,,,,,,,,,
2023-09-01 00:00:00,1.935,1.945,2023-09-01 00:00:00,18.407,18.519,,2023-09-01 00:00:00,1.945,2023-09-01 00:00:00,18.519,,,,,,,,,,,,,,,,,,,,,,,,,,,,,,,,
2023-10-01 00:00:00,1.935,1.945,2023-10-01 00:00:00,18.415,18.532,,2023-10-01 00:00:00,1.945,2023-10-01 00:00:00,18.532,,,,,,,,,,,,,,,,,,,,,,,,,,,,,,,,
2023-11-01 00:00:00,2.009,2.019,2023-11-01 00:00:00,18.423,18.545,,2023-11-01 00:00:00,2.019,2023-11-01 00:00:00,18.545,,,,,,,,,,,,,,,,,,,,,,,,,,,,,,,,
2023-12-01 00:00:00,2.127,2.137,2023-12-01 00:00:00,18.43,18.558,,2023-12-01 00:00:00,2.137,2023-12-01 00:00:00,18.558,,,,,,,,,,,,,,,,,,,,,,,,,,,,,,,,
2024-01-01 00:00:00,2.153,2.163,2024-01-01 00:00:00,18.437,18.57,,2024-01-01 00:00:00,2.163,2024-01-01 00:00:00,18.57,,,,,,,,,,,,,,,,,,,,,,,,,,,,,,,,
2024-02-01 00:00:00,2.068,2.078,2024-02-01 00:00:00,18.444,18.582,,2024-02-01 00:00:00,2.078,2024-02-01 00:00:00,18.582,,,,,,,,,,,,,,,,,,,,,,,,,,,,,,,,
2024-03-01 00:00:00,2.002,2.012,2024-03-01 00:00:00,18.451,18.595,,2024-03-01 00:00:00,2.012,2024-03-01 00:00:00,18.595,,,,,,,,,,,,,,,,,,,,,,,,,,,,,,,,
2024-04-01 00:00:00,1.953,1.963,2024-04-01 00:00:00,18.458,18.607,,2024-04-01 00:00:00,1.963,2024-04-01 00:00:00,18.607,,,,,,,,,,,,,,,,,,,,,,,,,,,,,,,,
2024-05-01 00:00:00,1.94,1.95,2024-05-01 00:00:00,18.465,18.62,,2024-05-01 00:00:00,1.95,2024-05-01 00:00:00,18.62,,,,,,,,,,,,,,,,,,,,,,,,,,,,,,,,
2024-06-01 00:00:00,1.948,1.958,2024-06-01 00:00:00,18.472,18.632,,2024-06-01 00:00:00,1.958,2024-06-01 00:00:00,18.632,,,,,,,,,,,,,,,,,,,,,,,,,,,,,,,,
2024-07-01 00:00:00,1.94,1.95,2024-07-01 00:00:00,18.479,18.644,,2024-07-01 00:00:00,1.95,2024-07-01 00:00:00,18.644,,,,,,,,,,,,,,,,,,,,,,,,,,,,,,,,
2024-08-01 00:00:00,1.94,1.95,2024-08-01 00:00:00,18.487,18.658,,2024-08-01 00:00:00,1.95,2024-08-01 00:00:00,18.658,,,,,,,,,,,,,,,,,,,,,,,,,,,,,,,,
2024-09-01 00:00:00,1.94,1.95,2024-09-01 00:00:00,18.494,18.67,,2024-09-01 00:00:00,1.95,2024-09-01 00:00:00,18.67,,,,,,,,,,,,,,,,,,,,,,,,,,,,,,,,
2024-10-01 00:00:00,1.94,1.95,2024-10-01 00:00:00,18.5,18.682,,2024-10-01 00:00:00,1.95,2024-10-01 00:00:00,18.682,,,,,,,,,,,,,,,,,,,,,,,,,,,,,,,,
2024-11-01 00:00:00,2.014,2.024,2024-11-01 00:00:00,18.508,18.696,,2024-11-01 00:00:00,2.024,2024-11-01 00:00:00,18.696,,,,,,,,,,,,,,,,,,,,,,,,,,,,,,,,
2024-12-01 00:00:00,2.132,2.142,2024-12-01 00:00:00,18.513,18.71,,2024-12-01 00:00:00,2.142,2024-12-01 00:00:00,18.71,,,,,,,,,,,,,,,,,,,,,,,,,,,,,,,,
2025-01-01 00:00:00,2.153,2.173,2025-01-01 00:00:00,18.519,18.724,,2025-01-01 00:00:00,2.173,2025-01-01 00:00:00,18.724,,,,,,,,,,,,,,,,,,,,,,,,,,,,,,,,
2025-02-01 00:00:00,2.068,2.088,2025-02-01 00:00:00,18.525,18.738,,2025-02-01 00:00:00,2.088,2025-02-01 00:00:00,18.738,,,,,,,,,,,,,,,,,,,,,,,,,,,,,,,,
2025-03-01 00:00:00,2.002,2.022,2025-03-01 00:00:00,18.53,18.751,,2025-03-01 00:00:00,2.022,2025-03-01 00:00:00,18.751,,,,,,,,,,,,,,,,,,,,,,,,,,,,,,,,
2025-04-01 00:00:00,1.953,1.973,2025-04-01 00:00:00,18.536,18.765,,2025-04-01 00:00:00,1.973,2025-04-01 00:00:00,18.765,,,,,,,,,,,,,,,,,,,,,,,,,,,,,,,,
2025-05-01 00:00:00,1.94,1.96,2025-05-01 00:00:00,18.542,18.781,,2025-05-01 00:00:00,1.96,2025-05-01 00:00:00,18.781,,,,,,,,,,,,,,,,,,,,,,,,,,,,,,,,
2025-06-01 00:00:00,1.948,1.968,2025-06-01 00:00:00,18.548,18.794,,2025-06-01 00:00:00,1.968,2025-06-01 00:00:00,18.794,,,,,,,,,,,,,,,,,,,,,,,,,,,,,,,,
2025-07-01 00:00:00,1.94,1.96,2025-07-01 00:00:00,18.554,18.808,,2025-07-01 00:00:00,1.96,2025-07-01 00:00:00,18.808,,,,,,,,,,,,,,,,,,,,,,,,,,,,,,,,
2025-08-01 00:00:00,1.94,1.96,2025-08-01 00:00:00,18.56,18.823,,2025-08-01 00:00:00,1.96,2025-08-01 00:00:00,18.823,,,,,,,,,,,,,,,,,,,,,,,,,,,,,,,,
2025-09-01 00:00:00,1.94,1.96,2025-09-01 00:00:00,18.565,18.836,,2025-09-01 00:00:00,1.96,2025-09-01 00:00:00,18.836,,,,,,,,,,,,,,,,,,,,,,,,,,,,,,,,
2025-10-01 00:00:00,1.94,1.96,2025-10-01 00:00:00,18.571,18.851,,2025-10-01 00:00:00,1.96,2025-10-01 00:00:00,18.851,,,,,,,,,,,,,,,,,,,,,,,,,,,,,,,,
2025-11-01 00:00:00,2.014,2.034,2025-11-01 00:00:00,18.578,18.866,,2025-11-01 00:00:00,2.034,2025-11-01 00:00:00,18.866,,,,,,,,,,,,,,,,,,,,,,,,,,,,,,,,
2025-12-01 00:00:00,2.132,2.152,2025-12-01 00:00:00,18.585,18.882,,2025-12-01 00:00:00,2.152,2025-12-01 00:00:00,18.882,,,,,,,,,,,,,,,,,,,,,,,,,,,,,,,,
2026-01-01 00:00:00,2.168,2.193,2026-01-01 00:00:00,18.593,18.899,,2026-01-01 00:00:00,2.193,2026-01-01 00:00:00,18.899,,,,,,,,,,,,,,,,,,,,,,,,,,,,,,,,
2026-02-01 00:00:00,2.083,2.108,2026-02-01 00:00:00,18.6,18.914,,2026-02-01 00:00:00,2.108,2026-02-01 00:00:00,18.914,,,,,,,,,,,,,,,,,,,,,,,,,,,,,,,,
2026-03-01 00:00:00,2.017,2.042,2026-03-01 00:00:00,18.607,18.929,,2026-03-01 00:00:00,2.042,2026-03-01 00:00:00,18.929,,,,,,,,,,,,,,,,,,,,,,,,,,,,,,,,
2026-04-01 00:00:00,1.968,1.993,2026-04-01 00:00:00,18.615,18.945,,2026-04-01 00:00:00,1.993,2026-04-01 00:00:00,18.945,,,,,,,,,,,,,,,,,,,,,,,,,,,,,,,,
2026-05-01 00:00:00,1.955,1.98,2026-05-01 00:00:00,18.623,18.961,,2026-05-01 00:00:00,1.98,2026-05-01 00:00:00,18.961,,,,,,,,,,,,,,,,,,,,,,,,,,,,,,,,
2026-06-01 00:00:00,1.963,1.988,2026-06-01 00:00:00,18.63,18.975,,2026-06-01 00:00:00,1.988,2026-06-01 00:00:00,18.975,,,,,,,,,,,,,,,,,,,,,,,,,,,,,,,,
2026-07-01 00:00:00,1.955,1.98,2026-07-01 00:00:00,18.638,18.993,,2026-07-01 00:00:00,1.98,2026-07-01 00:00:00,18.993,,,,,,,,,,,,,,,,,,,,,,,,,,,,,,,,
2026-08-01 00:00:00,1.955,1.98,2026-08-01 00:00:00,18.645,19.009,,2026-08-01 00:00:00,1.98,2026-08-01 00:00:00,19.009,,,,,,,,,,,,,,,,,,,,,,,,,,,,,,,,
2026-09-01 00:00:00,1.955,1.98,2026-09-01 00:00:00,18.652,19.023,,2026-09-01 00:00:00,1.98,2026-09-01 00:00:00,19.023,,,,,,,,,,,,,,,,,,,,,,,,,,,,,,,,
2026-10-01 00:00:00,1.955,1.98,2026-10-01 00:00:00,18.661,19.041,,2026-10-01 00:00:00,1.98,2026-10-01 00:00:00,19.041,,,,,,,,,,,,,,,,,,,,,,,,,,,,,,,,
2026-11-01 00:00:00,2.029,2.054,2026-11-01 00:00:00,18.668,19.056,,2026-11-01 00:00:00,2.054,2026-11-01 00:00:00,19.056,,,,,,,,,,,,,,,,,,,,,,,,,,,,,,,,
2026-12-01 00:00:00,2.147,2.172,2026-12-01 00:00:00,18.676,19.072,,2026-12-01 00:00:00,2.172,2026-12-01 00:00:00,19.072,,,,,,,,,,,,,,,,,,,,,,,,,,,,,,,,
2027-01-01 00:00:00,2.193,2.223,2027-01-01 00:00:00,18.685,19.09,,2027-01-01 00:00:00,2.223,2027-01-01 00:00:00,19.09,,,,,,,,,,,,,,,,,,,,,,,,,,,,,,,,
2027-02-01 00:00:00,2.108,2.138,2027-02-01 00:00:00,18.693,19.106,,2027-02-01 00:00:00,2.138,2027-02-01 00:00:00,19.106,,,,,,,,,,,,,,,,,,,,,,,,,,,,,,,,
2027-03-01 00:00:00,2.042,2.072,2027-03-01 00:00:00,18.701,19.122,,2027-03-01 00:00:00,2.072,2027-03-01 00:00:00,19.122,,,,,,,,,,,,,,,,,,,,,,,,,,,,,,,,
2027-04-01 00:00:00,1.993,2.023,2027-04-01 00:00:00,18.71,19.14,,2027-04-01 00:00:00,2.023,2027-04-01 00:00:00,19.14,,,,,,,,,,,,,,,,,,,,,,,,,,,,,,,,
2027-05-01 00:00:00,1.98,2.01,2027-05-01 00:00:00,18.718,19.156,,2027-05-01 00:00:00,2.01,2027-05-01 00:00:00,19.156,,,,,,,,,,,,,,,,,,,,,,,,,,,,,,,,
2027-06-01 00:00:00,1.988,2.018,2027-06-01 00:00:00,18.726,19.173,,2027-06-01 00:00:00,2.018,2027-06-01 00:00:00,19.173,,,,,,,,,,,,,,,,,,,,,,,,,,,,,,,,
2027-07-01 00:00:00,1.98,2.01,2027-07-01 00:00:00,18.735,19.19,,2027-07-01 00:00:00,2.01,2027-07-01 00:00:00,19.19,,,,,,,,,,,,,,,,,,,,,,,,,,,,,,,,
2027-08-01 00:00:00,1.98,2.01,2027-08-01 00:00:00,18.743,19.206,,2027-08-01 00:00:00,2.01,2027-08-01 00:00:00,19.206,,,,,,,,,,,,,,,,,,,,,,,,,,,,,,,,
2027-09-01 00:00:00,1.98,2.01,2027-09-01 00:00:00,18.752,19.223,,2027-09-01 00:00:00,2.01,2027-09-01 00:00:00,19.223,,,,,,,,,,,,,,,,,,,,,,,,,,,,,,,,
2027-10-01 00:00:00,1.98,2.01,2027-10-01 00:00:00,18.76,19.24,,2027-10-01 00:00:00,2.01,2027-10-01 00:00:00,19.24,,,,,,,,,,,,,,,,,,,,,,,,,,,,,,,,
2027-11-01 00:00:00,2.054,2.084,2027-11-01 00:00:00,18.768,19.256,,2027-11-01 00:00:00,2.084,2027-11-01 00:00:00,19.256,,,,,,,,,,,,,,,,,,,,,,,,,,,,,,,,
2027-12-01 00:00:00,2.172,2.202,2027-12-01 00:00:00,18.778,19.275,,2027-12-01 00:00:00,2.202,2027-12-01 00:00:00,19.275,,,,,,,,,,,,,,,,,,,,,,,,,,,,,,,,
2028-01-01 00:00:00,2.233,2.273,2028-01-01 00:00:00,18.787,19.292,,2028-01-01 00:00:00,2.273,2028-01-01 00:00:00,19.292,,,,,,,,,,,,,,,,,,,,,,,,,,,,,,,,
2028-02-01 00:00:00,2.148,2.188,2028-02-01 00:00:00,18.796,19.309,,2028-02-01 00:00:00,2.188,2028-02-01 00:00:00,19.309,,,,,,,,,,,,,,,,,,,,,,,,,,,,,,,,
2028-03-01 00:00:00,2.082,2.122,2028-03-01 00:00:00,18.805,19.327,,2028-03-01 00:00:00,2.122,2028-03-01 00:00:00,19.327,,,,,,,,,,,,,,,,,,,,,,,,,,,,,,,,
2028-04-01 00:00:00,2.033,2.073,2028-04-01 00:00:00,18.814,19.344,,2028-04-01 00:00:00,2.073,2028-04-01 00:00:00,19.344,,,,,,,,,,,,,,,,,,,,,,,,,,,,,,,,
2028-05-01 00:00:00,2.02,2.06,2028-05-01 00:00:00,18.823,19.361,,2028-05-01 00:00:00,2.06,2028-05-01 00:00:00,19.361,,,,,,,,,,,,,,,,,,,,,,,,,,,,,,,,
2028-06-01 00:00:00,2.028,2.068,2028-06-01 00:00:00,18.833,19.38,,2028-06-01 00:00:00,2.068,2028-06-01 00:00:00,19.38,,,,,,,,,,,,,,,,,,,,,,,,,,,,,,,,
2028-07-01 00:00:00,2.02,2.06,2028-07-01 00:00:00,18.841,19.396,,2028-07-01 00:00:00,2.06,2028-07-01 00:00:00,19.396,,,,,,,,,,,,,,,,,,,,,,,,,,,,,,,,
2028-08-01 00:00:00,2.02,2.06,2028-08-01 00:00:00,18.851,19.414,,2028-08-01 00:00:00,2.06,2028-08-01 00:00:00,19.414,,,,,,,,,,,,,,,,,,,,,,,,,,,,,,,,
2028-09-01 00:00:00,2.02,2.06,2028-09-01 00:00:00,18.861,19.433,,2028-09-01 00:00:00,2.06,2028-09-01 00:00:00,19.433,,,,,,,,,,,,,,,,,,,,,,,,,,,,,,,,
2028-10-01 00:00:00,2.02,2.06,2028-10-01 00:00:00,18.869,19.449,,2028-10-01 00:00:00,2.06,2028-10-01 00:00:00,19.449,,,,,,,,,,,,,,,,,,,,,,,,,,,,,,,,
2028-11-01 00:00:00,2.094,2.134,2028-11-01 00:00:00,18.878,19.466,,2028-11-01 00:00:00,2.134,2028-11-01 00:00:00,19.466,,,,,,,,,,,,,,,,,,,,,,,,,,,,,,,,
2028-12-01 00:00:00,2.212,2.252,2028-12-01 00:00:00,18.888,19.485,,2028-12-01 00:00:00,2.252,2028-12-01 00:00:00,19.485,,,,,,,,,,,,,,,,,,,,,,,,,,,,,,,,
2029-01-01 00:00:00,2.293,2.343,2029-01-01 00:00:00,18.897,19.502,,2029-01-01 00:00:00,2.343,2029-01-01 00:00:00,19.502,,,,,,,,,,,,,,,,,,,,,,,,,,,,,,,,
2029-02-01 00:00:00,2.208,2.258,2029-02-01 00:00:00,18.906,19.519,,2029-02-01 00:00:00,2.258,2029-02-01 00:00:00,19.519,,,,,,,,,,,,,,,,,,,,,,,,,,,,,,,,
2029-03-01 00:00:00,2.142,2.192,2029-03-01 00:00:00,18.915,19.537,,2029-03-01 00:00:00,2.192,2029-03-01 00:00:00,19.537,,,,,,,,,,,,,,,,,,,,,,,,,,,,,,,,
2029-04-01 00:00:00,2.093,2.143,2029-04-01 00:00:00,18.924,19.554,,2029-04-01 00:00:00,2.143,2029-04-01 00:00:00,19.554,,,,,,,,,,,,,,,,,,,,,,,,,,,,,,,,
2029-05-01 00:00:00,2.08,2.13,2029-05-01 00:00:00,18.933,19.571,,2029-05-01 00:00:00,2.13,2029-05-01 00:00:00,19.571,,,,,,,,,,,,,,,,,,,,,,,,,,,,,,,,
2029-06-01 00:00:00,2.088,2.138,2029-06-01 00:00:00,18.943,19.59,,2029-06-01 00:00:00,2.138,2029-06-01 00:00:00,19.59,,,,,,,,,,,,,,,,,,,,,,,,,,,,,,,,
2029-07-01 00:00:00,2.08,2.13,2029-07-01 00:00:00,18.951,19.606,,2029-07-01 00:00:00,2.13,2029-07-01 00:00:00,19.606,,,,,,,,,,,,,,,,,,,,,,,,,,,,,,,,
2029-08-01 00:00:00,2.08,2.13,2029-08-01 00:00:00,18.961,19.624,,2029-08-01 00:00:00,2.13,2029-08-01 00:00:00,19.624,,,,,,,,,,,,,,,,,,,,,,,,,,,,,,,,
2029-09-01 00:00:00,2.08,2.13,2029-09-01 00:00:00,18.97,19.642,,2029-09-01 00:00:00,2.13,2029-09-01 00:00:00,19.642,,,,,,,,,,,,,,,,,,,,,,,,,,,,,,,,
2029-10-01 00:00:00,2.08,2.13,2029-10-01 00:00:00,18.979,19.659,,2029-10-01 00:00:00,2.13,2029-10-01 00:00:00,19.659,,,,,,,,,,,,,,,,,,,,,,,,,,,,,,,,
2029-11-01 00:00:00,2.154,2.204,2029-11-01 00:00:00,18.989,19.677,,2029-11-01 00:00:00,2.204,2029-11-01 00:00:00,19.677,,,,,,,,,,,,,,,,,,,,,,,,,,,,,,,,
2029-12-01 00:00:00,2.272,2.322,2029-12-01 00:00:00,18.998,19.694,,2029-12-01 00:00:00,2.322,2029-12-01 00:00:00,19.694,,,,,,,,,,,,,,,,,,,,,,,,,,,,,,,,
2030-01-01 00:00:00,2.363,2.433,2030-01-01 00:00:00,19.007,19.712,,2030-01-01 00:00:00,2.433,2030-01-01 00:00:00,19.712,,,,,,,,,,,,,,,,,,,,,,,,,,,,,,,,
2030-02-01 00:00:00,2.278,2.348,2030-02-01 00:00:00,19.016,19.729,,2030-02-01 00:00:00,2.348,2030-02-01 00:00:00,19.729,,,,,,,,,,,,,,,,,,,,,,,,,,,,,,,,
2030-03-01 00:00:00,2.212,2.282,2030-03-01 00:00:00,19.025,19.746,,2030-03-01 00:00:00,2.282,2030-03-01 00:00:00,19.746,,,,,,,,,,,,,,,,,,,,,,,,,,,,,,,,
2030-04-01 00:00:00,2.163,2.233,2030-04-01 00:00:00,19.033,19.762,,2030-04-01 00:00:00,2.233,2030-04-01 00:00:00,19.762,,,,,,,,,,,,,,,,,,,,,,,,,,,,,,,,
2030-05-01 00:00:00,2.15,2.22,2030-05-01 00:00:00,19.044,19.782,,2030-05-01 00:00:00,2.22,2030-05-01 00:00:00,19.782,,,,,,,,,,,,,,,,,,,,,,,,,,,,,,,,
2030-06-01 00:00:00,2.158,2.228,2030-06-01 00:00:00,19.052,19.798,,2030-06-01 00:00:00,2.228,2030-06-01 00:00:00,19.798,,,,,,,,,,,,,,,,,,,,,,,,,,,,,,,,
2030-07-01 00:00:00,2.15,2.22,2030-07-01 00:00:00,19.061,19.816,,2030-07-01 00:00:00,2.22,2030-07-01 00:00:00,19.816,,,,,,,,,,,,,,,,,,,,,,,,,,,,,,,,
2030-08-01 00:00:00,2.15,2.22,2030-08-01 00:00:00,19.071,19.835,,2030-08-01 00:00:00,2.22,2030-08-01 00:00:00,19.835,,,,,,,,,,,,,,,,,,,,,,,,,,,,,,,,
2030-09-01 00:00:00,2.15,2.22,2030-09-01 00:00:00,19.08,19.851,,2030-09-01 00:00:00,2.22,2030-09-01 00:00:00,19.851,,,,,,,,,,,,,,,,,,,,,,,,,,,,,,,,
2030-10-01 00:00:00,2.15,2.22,2030-10-01 00:00:00,19.089,19.869,,2030-10-01 00:00:00,2.22,2030-10-01 00:00:00,19.869,,,,,,,,,,,,,,,,,,,,,,,,,,,,,,,,
2030-11-01 00:00:00,2.224,2.294,2030-11-01 00:00:00,19.099,19.887,,2030-11-01 00:00:00,2.294,2030-11-01 00:00:00,19.887,,,,,,,,,,,,,,,,,,,,,,,,,,,,,,,,
2030-12-01 00:00:00,2.342,2.412,2030-12-01 00:00:00,19.108,19.904,,2030-12-01 00:00:00,2.412,2030-12-01 00:00:00,19.904,,,,,,,,,,,,,,,,,,,,,,,,,,,,,,,,
2031-01-01 00:00:00,2.473,2.543,2031-01-01 00:00:00,19.117,19.922,,2031-01-01 00:00:00,2.543,2031-01-01 00:00:00,19.922,,,,,,,,,,,,,,,,,,,,,,,,,,,,,,,,
2031-02-01 00:00:00,2.388,2.458,2031-02-01 00:00:00,19.126,19.94,,2031-02-01 00:00:00,2.458,2031-02-01 00:00:00,19.94,,,,,,,,,,,,,,,,,,,,,,,,,,,,,,,,
2031-03-01 00:00:00,2.322,2.392,2031-03-01 00:00:00,19.135,19.956,,2031-03-01 00:00:00,2.392,2031-03-01 00:00:00,19.956,,,,,,,,,,,,,,,,,,,,,,,,,,,,,,,,
2031-04-01 00:00:00,2.273,2.343,2031-04-01 00:00:00,19.144,19.974,,2031-04-01 00:00:00,2.343,2031-04-01 00:00:00,19.974,,,,,,,,,,,,,,,,,,,,,,,,,,,,,,,,
2031-05-01 00:00:00,2.26,2.33,2031-05-01 00:00:00,19.154,19.992,,2031-05-01 00:00:00,2.33,2031-05-01 00:00:00,19.992,,,,,,,,,,,,,,,,,,,,,,,,,,,,,,,,
2031-06-01 00:00:00,2.268,2.338,2031-06-01 00:00:00,19.162,20.008,,2031-06-01 00:00:00,2.338,2031-06-01 00:00:00,20.008,,,,,,,,,,,,,,,,,,,,,,,,,,,,,,,,
2031-07-01 00:00:00,2.26,2.33,2031-07-01 00:00:00,19.172,20.027,,2031-07-01 00:00:00,2.33,2031-07-01 00:00:00,20.027,,,,,,,,,,,,,,,,,,,,,,,,,,,,,,,,
2031-08-01 00:00:00,2.26,2.33,2031-08-01 00:00:00,19.181,20.044,,2031-08-01 00:00:00,2.33,2031-08-01 00:00:00,20.044,,,,,,,,,,,,,,,,,,,,,,,,,,,,,,,,
2031-09-01 00:00:00,2.26,2.33,2031-09-01 00:00:00,19.19,20.061,,2031-09-01 00:00:00,2.33,2031-09-01 00:00:00,20.061,,,,,,,,,,,,,,,,,,,,,,,,,,,,,,,,
2031-10-01 00:00:00,2.26,2.33,2031-10-01 00:00:00,19.2,20.08,,2031-10-01 00:00:00,2.33,2031-10-01 00:00:00,20.08,,,,,,,,,,,,,,,,,,,,,,,,,,,,,,,,
2031-11-01 00:00:00,2.334,2.404,2031-11-01 00:00:00,19.209,20.097,,2031-11-01 00:00:00,2.404,2031-11-01 00:00:00,20.097,,,,,,,,,,,,,,,,,,,,,,,,,,,,,,,,
2031-12-01 00:00:00,2.452,2.522,2031-12-01 00:00:00,19.218,20.114,,2031-12-01 00:00:00,2.522,2031-12-01 00:00:00,20.114,,,,,,,,,,,,,,,,,,,,,,,,,,,,,,,,
2032-01-01 00:00:00,2.593,2.663,2032-01-01 00:00:00,19.227,20.133,,2032-01-01 00:00:00,2.663,2032-01-01 00:00:00,20.133,,,,,,,,,,,,,,,,,,,,,,,,,,,,,,,,
2032-02-01 00:00:00,2.508,2.578,2032-02-01 00:00:00,19.236,20.149,,2032-02-01 00:00:00,2.578,2032-02-01 00:00:00,20.149,,,,,,,,,,,,,,,,,,,,,,,,,,,,,,,,
2032-03-01 00:00:00,2.442,2.512,2032-03-01 00:00:00,19.245,20.166,,2032-03-01 00:00:00,2.512,2032-03-01 00:00:00,20.166,,,,,,,,,,,,,,,,,,,,,,,,,,,,,,,,
2032-04-01 00:00:00,2.393,2.463,2032-04-01 00:00:00,19.255,20.185,,2032-04-01 00:00:00,2.463,2032-04-01 00:00:00,20.185,,,,,,,,,,,,,,,,,,,,,,,,,,,,,,,,
2032-05-01 00:00:00,2.38,2.45,2032-05-01 00:00:00,19.263,20.201,,2032-05-01 00:00:00,2.45,2032-05-01 00:00:00,20.201,,,,,,,,,,,,,,,,,,,,,,,,,,,,,,,,
2032-06-01 00:00:00,2.388,2.458,2032-06-01 00:00:00,19.272,20.218,,2032-06-01 00:00:00,2.458,2032-06-01 00:00:00,20.218,,,,,,,,,,,,,,,,,,,,,,,,,,,,,,,,
2032-07-01 00:00:00,2.38,2.45,2032-07-01 00:00:00,19.282,20.237,,2032-07-01 00:00:00,2.45,2032-07-01 00:00:00,20.237,,,,,,,,,,,,,,,,,,,,,,,,,,,,,,,,
2032-08-01 00:00:00,2.38,2.45,2032-08-01 00:00:00,19.291,20.254,,2032-08-01 00:00:00,2.45,2032-08-01 00:00:00,20.254,,,,,,,,,,,,,,,,,,,,,,,,,,,,,,,,
2032-09-01 00:00:00,2.38,2.45,2032-09-01 00:00:00,19.3,20.271,,2032-09-01 00:00:00,2.45,2032-09-01 00:00:00,20.271,,,,,,,,,,,,,,,,,,,,,,,,,,,,,,,,
2032-10-01 00:00:00,2.38,2.45,2032-10-01 00:00:00,19.31,20.29,,2032-10-01 00:00:00,2.45,2032-10-01 00:00:00,20.29,,,,,,,,,,,,,,,,,,,,,,,,,,,,,,,,
2032-11-01 00:00:00,2.454,2.524,2032-11-01 00:00:00,19.318,20.307,,2032-11-01 00:00:00,2.524,2032-11-01 00:00:00,20.307,,,,,,,,,,,,,,,,,,,,,,,,,,,,,,,,
2032-12-01 00:00:00,2.572,2.642,2032-12-01 00:00:00,19.328,20.324,,2032-12-01 00:00:00,2.642,2032-12-01 00:00:00,20.324,,,,,,,,,,,,,,,,,,,,,,,,,,,,,,,,
2033-01-01 00:00:00,2.693,2.793,2033-01-01 00:00:00,19.337,20.342,,2033-01-01 00:00:00,2.793,2033-01-01 00:00:00,20.342,,,,,,,,,,,,,,,,,,,,,,,,,,,,,,,,
2033-02-01 00:00:00,2.608,2.708,2033-02-01 00:00:00,19.345,20.358,,2033-02-01 00:00:00,2.708,2033-02-01 00:00:00,20.358,,,,,,,,,,,,,,,,,,,,,,,,,,,,,,,,
2033-03-01 00:00:00,2.542,2.642,2033-03-01 00:00:00,19.355,20.376,,2033-03-01 00:00:00,2.642,2033-03-01 00:00:00,20.376,,,,,,,,,,,,,,,,,,,,,,,,,,,,,,,,
2033-04-01 00:00:00,2.493,2.593,2033-04-01 00:00:00,19.365,20.395,,2033-04-01 00:00:00,2.593,2033-04-01 00:00:00,20.395,,,,,,,,,,,,,,,,,,,,,,,,,,,,,,,,
2033-05-01 00:00:00,2.48,2.58,2033-05-01 00:00:00,19.373,20.411,,2033-05-01 00:00:00,2.58,2033-05-01 00:00:00,20.411,,,,,,,,,,,,,,,,,,,,,,,,,,,,,,,,
2033-06-01 00:00:00,2.488,2.588,2033-06-01 00:00:00,19.382,20.429,,2033-06-01 00:00:00,2.588,2033-06-01 00:00:00,20.429,,,,,,,,,,,,,,,,,,,,,,,,,,,,,,,,
2033-07-01 00:00:00,2.48,2.58,2033-07-01 00:00:00,19.392,20.446,,2033-07-01 00:00:00,2.58,2033-07-01 00:00:00,20.446,,,,,,,,,,,,,,,,,,,,,,,,,,,,,,,,
2033-08-01 00:00:00,2.48,2.58,2033-08-01 00:00:00,19.401,20.464,,2033-08-01 00:00:00,2.58,2033-08-01 00:00:00,20.464,,,,,,,,,,,,,,,,,,,,,,,,,,,,,,,,
2033-09-01 00:00:00,2.48,2.58,2033-09-01 00:00:00,19.41,20.482,,2033-09-01 00:00:00,2.58,2033-09-01 00:00:00,20.482,,,,,,,,,,,,,,,,,,,,,,,,,,,,,,,,
2033-10-01 00:00:00,2.48,2.58,2033-10-01 00:00:00,19.419,20.499,,2033-10-01 00:00:00,2.58,2033-10-01 00:00:00,20.499,,,,,,,,,,,,,,,,,,,,,,,,,,,,,,,,
2033-11-01 00:00:00,2.554,2.654,2033-11-01 00:00:00,19.429,20.517,,2033-11-01 00:00:00,2.654,2033-11-01 00:00:00,20.517,,,,,,,,,,,,,,,,,,,,,,,,,,,,,,,,
2033-12-01 00:00:00,2.672,2.772,2033-12-01 00:00:00,19.444,20.541,,2033-12-01 00:00:00,2.772,2033-12-01 00:00:00,20.541,,,,,,,,,,,,,,,,,,,,,,,,,,,,,,,,
2034-01-01 00:00:00,2.833,2.933,2034-01-01 00:00:00,19.844,21.016,,2034-01-01 00:00:00,2.933,2034-01-01 00:00:00,21.016,,,,,,,,,,,,,,,,,,,,,,,,,,,,,,,,
2034-02-01 00:00:00,2.748,2.848,2034-02-01 00:00:00,19.86,21.041,,2034-02-01 00:00:00,2.848,2034-02-01 00:00:00,21.041,,,,,,,,,,,,,,,,,,,,,,,,,,,,,,,,
2034-03-01 00:00:00,2.682,2.782,2034-03-01 00:00:00,19.875,21.062,,2034-03-01 00:00:00,2.782,2034-03-01 00:00:00,21.062,,,,,,,,,,,,,,,,,,,,,,,,,,,,,,,,
2034-04-01 00:00:00,2.633,2.733,2034-04-01 00:00:00,19.893,21.09,,2034-04-01 00:00:00,2.733,2034-04-01 00:00:00,21.09,,,,,,,,,,,,,,,,,,,,,,,,,,,,,,,,
2034-05-01 00:00:00,2.62,2.72,2034-05-01 00:00:00,19.909,21.113,,2034-05-01 00:00:00,2.72,2034-05-01 00:00:00,21.113,,,,,,,,,,,,,,,,,,,,,,,,,,,,,,,,
2034-06-01 00:00:00,2.628,2.728,2034-06-01 00:00:00,19.925,21.138,,2034-06-01 00:00:00,2.728,2034-06-01 00:00:00,21.138,,,,,,,,,,,,,,,,,,,,,,,,,,,,,,,,
2034-07-01 00:00:00,2.62,2.72,2034-07-01 00:00:00,19.943,21.164,,2034-07-01 00:00:00,2.72,2034-07-01 00:00:00,21.164,,,,,,,,,,,,,,,,,,,,,,,,,,,,,,,,
2034-08-01 00:00:00,2.62,2.72,2034-08-01 00:00:00,19.959,21.188,,2034-08-01 00:00:00,2.72,2034-08-01 00:00:00,21.188,,,,,,,,,,,,,,,,,,,,,,,,,,,,,,,,
2034-09-01 00:00:00,2.62,2.72,2034-09-01 00:00:00,19.976,21.214,,2034-09-01 00:00:00,2.72,2034-09-01 00:00:00,21.214,,,,,,,,,,,,,,,,,,,,,,,,,,,,,,,,
2034-10-01 00:00:00,2.62,2.72,2034-10-01 00:00:00,19.993,21.24,,2034-10-01 00:00:00,2.72,2034-10-01 00:00:00,21.24,,,,,,,,,,,,,,,,,,,,,,,,,,,,,,,,
2034-11-01 00:00:00,2.694,2.794,2034-11-01 00:00:00,20.01,21.265,,2034-11-01 00:00:00,2.794,2034-11-01 00:00:00,21.265,,,,,,,,,,,,,,,,,,,,,,,,,,,,,,,,
2034-12-01 00:00:00,2.812,2.912,2034-12-01 00:00:00,20.026,21.289,,2034-12-01 00:00:00,2.912,2034-12-01 00:00:00,21.289,,,,,,,,,,,,,,,,,,,,,,,,,,,,,,,,
2035-01-01 00:00:00,2.983,3.083,2035-01-01 00:00:00,20.043,21.315,,2035-01-01 00:00:00,3.083,2035-01-01 00:00:00,21.315,,,,,,,,,,,,,,,,,,,,,,,,,,,,,,,,
2035-02-01 00:00:00,2.898,2.998,2035-02-01 00:00:00,20.059,21.339,,2035-02-01 00:00:00,2.998,2035-02-01 00:00:00,21.339,,,,,,,,,,,,,,,,,,,,,,,,,,,,,,,,
2035-03-01 00:00:00,2.832,2.932,2035-03-01 00:00:00,20.076,21.365,,2035-03-01 00:00:00,2.932,2035-03-01 00:00:00,21.365,,,,,,,,,,,,,,,,,,,,,,,,,,,,,,,,
2035-04-01 00:00:00,2.783,2.883,2035-04-01 00:00:00,20.093,21.389,,2035-04-01 00:00:00,2.883,2035-04-01 00:00:00,21.389,,,,,,,,,,,,,,,,,,,,,,,,,,,,,,,,
2035-05-01 00:00:00,2.77,2.87,2035-05-01 00:00:00,20.109,21.413,,2035-05-01 00:00:00,2.87,2035-05-01 00:00:00,21.413,,,,,,,,,,,,,,,,,,,,,,,,,,,,,,,,
2035-06-01 00:00:00,2.778,2.878,2035-06-01 00:00:00,20.127,21.44,,2035-06-01 00:00:00,2.878,2035-06-01 00:00:00,21.44,,,,,,,,,,,,,,,,,,,,,,,,,,,,,,,,
2035-07-01 00:00:00,2.77,2.87,2035-07-01 00:00:00,20.143,21.465,,2035-07-01 00:00:00,2.87,2035-07-01 00:00:00,21.465,,,,,,,,,,,,,,,,,,,,,,,,,,,,,,,,
2035-08-01 00:00:00,2.77,2.87,2035-08-01 00:00:00,20.159,21.489,,2035-08-01 00:00:00,2.87,2035-08-01 00:00:00,21.489,,,,,,,,,,,,,,,,,,,,,,,,,,,,,,,,
2035-09-01 00:00:00,2.77,2.87,2035-09-01 00:00:00,20.177,21.516,,2035-09-01 00:00:00,2.87,2035-09-01 00:00:00,21.516,,,,,,,,,,,,,,,,,,,,,,,,,,,,,,,,
2035-10-01 00:00:00,2.77,2.87,2035-10-01 00:00:00,20.193,21.54,,2035-10-01 00:00:00,2.87,2035-10-01 00:00:00,21.54,,,,,,,,,,,,,,,,,,,,,,,,,,,,,,,,
2035-11-01 00:00:00,2.844,2.944,2035-11-01 00:00:00,20.209,21.564,,2035-11-01 00:00:00,2.944,2035-11-01 00:00:00,21.564,,,,,,,,,,,,,,,,,,,,,,,,,,,,,,,,
2035-12-01 00:00:00,2.962,3.062,2035-12-01 00:00:00,20.228,21.591,,2035-12-01 00:00:00,3.062,2035-12-01 00:00:00,21.591,,,,,,,,,,,,,,,,,,,,,,,,,,,,,,,,
2036-01-01 00:00:00,3.143,3.243,2036-01-01 00:00:00,20.244,21.616,,2036-01-01 00:00:00,3.243,2036-01-01 00:00:00,21.616,,,,,,,,,,,,,,,,,,,,,,,,,,,,,,,,
2036-02-01 00:00:00,3.058,3.158,2036-02-01 00:00:00,20.26,21.64,,2036-02-01 00:00:00,3.158,2036-02-01 00:00:00,21.64,,,,,,,,,,,,,,,,,,,,,,,,,,,,,,,,
2036-03-01 00:00:00,2.992,3.092,2036-03-01 00:00:00,20.277,21.666,,2036-03-01 00:00:00,3.092,2036-03-01 00:00:00,21.666,,,,,,,,,,,,,,,,,,,,,,,,,,,,,,,,
2036-04-01 00:00:00,2.943,3.043,2036-04-01 00:00:00,20.292,21.688,,2036-04-01 00:00:00,3.043,2036-04-01 00:00:00,21.688,,,,,,,,,,,,,,,,,,,,,,,,,,,,,,,,
2036-05-01 00:00:00,2.93,3.03,2036-05-01 00:00:00,20.309,21.713,,2036-05-01 00:00:00,3.03,2036-05-01 00:00:00,21.713,,,,,,,,,,,,,,,,,,,,,,,,,,,,,,,,
2036-06-01 00:00:00,2.938,3.038,2036-06-01 00:00:00,20.327,21.74,,2036-06-01 00:00:00,3.038,2036-06-01 00:00:00,21.74,,,,,,,,,,,,,,,,,,,,,,,,,,,,,,,,
2036-07-01 00:00:00,2.93,3.03,2036-07-01 00:00:00,20.342,21.764,,2036-07-01 00:00:00,3.03,2036-07-01 00:00:00,21.764,,,,,,,,,,,,,,,,,,,,,,,,,,,,,,,,
2036-08-01 00:00:00,2.93,3.03,2036-08-01 00:00:00,20.359,21.789,,2036-08-01 00:00:00,3.03,2036-08-01 00:00:00,21.789,,,,,,,,,,,,,,,,,,,,,,,,,,,,,,,,
2036-09-01 00:00:00,2.93,3.03,2036-09-01 00:00:00,20.377,21.815,,2036-09-01 00:00:00,3.03,2036-09-01 00:00:00,21.815,,,,,,,,,,,,,,,,,,,,,,,,,,,,,,,,
2036-10-01 00:00:00,2.93,3.03,2036-10-01 00:00:00,20.393,21.84,,2036-10-01 00:00:00,3.03,2036-10-01 00:00:00,21.84,,,,,,,,,,,,,,,,,,,,,,,,,,,,,,,,
2036-11-01 00:00:00,3.004,3.104,2036-11-01 00:00:00,20.41,21.865,,2036-11-01 00:00:00,3.104,2036-11-01 00:00:00,21.865,,,,,,,,,,,,,,,,,,,,,,,,,,,,,,,,
2036-12-01 00:00:00,3.122,3.222,2036-12-01 00:00:00,20.427,21.891,,2036-12-01 00:00:00,3.222,2036-12-01 00:00:00,21.891,,,,,,,,,,,,,,,,,,,,,,,,,,,,,,,,
2037-01-01 00:00:00,3.313,3.413,2037-01-01 00:00:00,20.443,21.914,,2037-01-01 00:00:00,3.413,2037-01-01 00:00:00,21.914,,,,,,,,,,,,,,,,,,,,,,,,,,,,,,,,
2037-02-01 00:00:00,3.228,3.328,2037-02-01 00:00:00,20.461,21.941,,2037-02-01 00:00:00,3.328,2037-02-01 00:00:00,21.941,,,,,,,,,,,,,,,,,,,,,,,,,,,,,,,,
2037-03-01 00:00:00,3.162,3.262,2037-03-01 00:00:00,20.477,21.965,,2037-03-01 00:00:00,3.262,2037-03-01 00:00:00,21.965,,,,,,,,,,,,,,,,,,,,,,,,,,,,,,,,
2037-04-01 00:00:00,3.113,3.213,2037-04-01 00:00:00,20.492,21.988,,2037-04-01 00:00:00,3.213,2037-04-01 00:00:00,21.988,,,,,,,,,,,,,,,,,,,,,,,,,,,,,,,,
2037-05-01 00:00:00,3.1,3.2,2037-05-01 00:00:00,20.509,22.014,,2037-05-01 00:00:00,3.2,2037-05-01 00:00:00,22.014,,,,,,,,,,,,,,,,,,,,,,,,,,,,,,,,
2037-06-01 00:00:00,3.108,3.208,2037-06-01 00:00:00,20.526,22.039,,2037-06-01 00:00:00,3.208,2037-06-01 00:00:00,22.039,,,,,,,,,,,,,,,,,,,,,,,,,,,,,,,,
2037-07-01 00:00:00,3.1,3.2,2037-07-01 00:00:00,20.542,22.063,,2037-07-01 00:00:00,3.2,2037-07-01 00:00:00,22.063,,,,,,,,,,,,,,,,,,,,,,,,,,,,,,,,
2037-08-01 00:00:00,3.1,3.2,2037-08-01 00:00:00,20.56,22.09,,2037-08-01 00:00:00,3.2,2037-08-01 00:00:00,22.09,,,,,,,,,,,,,,,,,,,,,,,,,,,,,,,,
2037-09-01 00:00:00,3.1,3.2,2037-09-01 00:00:00,20.576,22.115,,2037-09-01 00:00:00,3.2,2037-09-01 00:00:00,22.115,,,,,,,,,,,,,,,,,,,,,,,,,,,,,,,,
2037-10-01 00:00:00,3.1,3.2,2037-10-01 00:00:00,20.592,22.138,,2037-10-01 00:00:00,3.2,2037-10-01 00:00:00,22.138,,,,,,,,,,,,,,,,,,,,,,,,,,,,,,,,
2037-11-01 00:00:00,3.174,3.274,2037-11-01 00:00:00,20.611,22.166,,2037-11-01 00:00:00,3.274,2037-11-01 00:00:00,22.166,,,,,,,,,,,,,,,,,,,,,,,,,,,,,,,,
2037-12-01 00:00:00,3.292,3.392,2037-12-01 00:00:00,20.626,22.189,,2037-12-01 00:00:00,3.392,2037-12-01 00:00:00,22.189,,,,,,,,,,,,,,,,,,,,,,,,,,,,,,,,
2038-01-01 00:00:00,3.493,3.593,2038-01-01 00:00:00,20.642,22.214,,2038-01-01 00:00:00,3.593,2038-01-01 00:00:00,22.214,,,,,,,,,,,,,,,,,,,,,,,,,,,,,,,,
2038-02-01 00:00:00,3.408,3.508,2038-02-01 00:00:00,20.661,22.241,,2038-02-01 00:00:00,3.508,2038-02-01 00:00:00,22.241,,,,,,,,,,,,,,,,,,,,,,,,,,,,,,,,
2038-03-01 00:00:00,3.342,3.442,2038-03-01 00:00:00,20.676,22.264,,2038-03-01 00:00:00,3.442,2038-03-01 00:00:00,22.264,,,,,,,,,,,,,,,,,,,,,,,,,,,,,,,,
2038-04-01 00:00:00,3.293,3.393,2038-04-01 00:00:00,20.692,22.288,,2038-04-01 00:00:00,3.393,2038-04-01 00:00:00,22.288,,,,,,,,,,,,,,,,,,,,,,,,,,,,,,,,
2038-05-01 00:00:00,3.28,3.38,2038-05-01 00:00:00,20.709,22.314,,2038-05-01 00:00:00,3.38,2038-05-01 00:00:00,22.314,,,,,,,,,,,,,,,,,,,,,,,,,,,,,,,,
2038-06-01 00:00:00,3.288,3.388,2038-06-01 00:00:00,20.726,22.338,,2038-06-01 00:00:00,3.388,2038-06-01 00:00:00,22.338,,,,,,,,,,,,,,,,,,,,,,,,,,,,,,,,
2038-07-01 00:00:00,3.28,3.38,2038-07-01 00:00:00,20.742,22.363,,2038-07-01 00:00:00,3.38,2038-07-01 00:00:00,22.363,,,,,,,,,,,,,,,,,,,,,,,,,,,,,,,,
2038-08-01 00:00:00,3.28,3.38,2038-08-01 00:00:00,20.76,22.39,,2038-08-01 00:00:00,3.38,2038-08-01 00:00:00,22.39,,,,,,,,,,,,,,,,,,,,,,,,,,,,,,,,
2038-09-01 00:00:00,3.28,3.38,2038-09-01 00:00:00,20.776,22.415,,2038-09-01 00:00:00,3.38,2038-09-01 00:00:00,22.415,,,,,,,,,,,,,,,,,,,,,,,,,,,,,,,,
2038-10-01 00:00:00,3.28,3.38,2038-10-01 00:00:00,20.793,22.439,,2038-10-01 00:00:00,3.38,2038-10-01 00:00:00,22.439,,,,,,,,,,,,,,,,,,,,,,,,,,,,,,,,
2038-11-01 00:00:00,3.354,3.454,2038-11-01 00:00:00,20.81,22.465,,2038-11-01 00:00:00,3.454,2038-11-01 00:00:00,22.465,,,,,,,,,,,,,,,,,,,,,,,,,,,,,,,,
2038-12-01 00:00:00,3.472,3.572,2038-12-01 00:00:00,20.826,22.488,,2038-12-01 00:00:00,3.572,2038-12-01 00:00:00,22.488,,,,,,,,,,,,,,,,,,,,,,,,,,,,,,,,
2039-01-01 00:00:00,3.683,3.783,2039-01-01 00:00:00,20.843,22.515,,2039-01-01 00:00:00,3.783,2039-01-01 00:00:00,22.515,,,,,,,,,,,,,,,,,,,,,,,,,,,,,,,,
2039-02-01 00:00:00,3.598,3.698,2039-02-01 00:00:00,0,0,,2039-02-01 00:00:00,3.698,2039-02-01 00:00:00,0,,,,,,,,,,,,,,,,,,,,,,,,,,,,,,,,
2039-03-01 00:00:00,3.532,3.632,2039-03-01 00:00:00,0,0,,2039-03-01 00:00:00,3.632,2039-03-01 00:00:00,0,,,,,,,,,,,,,,,,,,,,,,,,,,,,,,,,
2039-04-01 00:00:00,3.483,3.583,2039-04-01 00:00:00,0,0,,2039-04-01 00:00:00,3.583,2039-04-01 00:00:00,0,,,,,,,,,,,,,,,,,,,,,,,,,,,,,,,,
2039-05-01 00:00:00,3.47,3.57,2039-05-01 00:00:00,0,0,,2039-05-01 00:00:00,3.57,2039-05-01 00:00:00,0,,,,,,,,,,,,,,,,,,,,,,,,,,,,,,,,
2039-06-01 00:00:00,3.478,3.578,2039-06-01 00:00:00,0,0,,2039-06-01 00:00:00,3.578,2039-06-01 00:00:00,0,,,,,,,,,,,,,,,,,,,,,,,,,,,,,,,,
2039-07-01 00:00:00,3.47,3.57,2039-07-01 00:00:00,0,0,,2039-07-01 00:00:00,3.57,2039-07-01 00:00:00,0,,,,,,,,,,,,,,,,,,,,,,,,,,,,,,,,
2039-08-01 00:00:00,3.47,3.57,2039-08-01 00:00:00,0,0,,2039-08-01 00:00:00,3.57,2039-08-01 00:00:00,0,,,,,,,,,,,,,,,,,,,,,,,,,,,,,,,,
2039-09-01 00:00:00,3.47,3.57,2039-09-01 00:00:00,0,0,,2039-09-01 00:00:00,3.57,2039-09-01 00:00:00,0,,,,,,,,,,,,,,,,,,,,,,,,,,,,,,,,
2039-10-01 00:00:00,3.47,3.57,2039-10-01 00:00:00,0,0,,2039-10-01 00:00:00,3.57,2039-10-01 00:00:00,0,,,,,,,,,,,,,,,,,,,,,,,,,,,,,,,,
2039-11-01 00:00:00,3.544,3.644,2039-11-01 00:00:00,0,0,,2039-11-01 00:00:00,3.644,2039-11-01 00:00:00,0,,,,,,,,,,,,,,,,,,,,,,,,,,,,,,,,
2039-12-01 00:00:00,3.662,3.762,2039-12-01 00:00:00,0,0,,2039-12-01 00:00:00,3.762,2039-12-01 00:00:00,0,,,,,,,,,,,,,,,,,,,,,,,,,,,,,,,,
2040-01-01 00:00:00,3.828,3.928,2040-01-01 00:00:00,0,0,,2040-01-01 00:00:00,3.928,2040-01-01 00:00:00,0,,,,,,,,,,,,,,,,,,,,,,,,,,,,,,,,
2040-02-01 00:00:00,3.743,3.843,2040-02-01 00:00:00,0,0,,2040-02-01 00:00:00,3.843,,,,,,,,,,,,,,,,,,,,,,,,,,,,,,,,,,
2040-03-01 00:00:00,3.677,3.777,2040-03-01 00:00:00,0,0,,2040-03-01 00:00:00,3.777,,,,,,,,,,,,,,,,,,,,,,,,,,,,,,,,,,
2040-04-01 00:00:00,3.628,3.728,2040-04-01 00:00:00,0,0,,2040-04-01 00:00:00,3.728,,,,,,,,,,,,,,,,,,,,,,,,,,,,,,,,,,
2040-05-01 00:00:00,3.615,3.715,2040-05-01 00:00:00,0,0,,2040-05-01 00:00:00,3.715,,,,,,,,,,,,,,,,,,,,,,,,,,,,,,,,,,
2040-06-01 00:00:00,3.623,3.723,2040-06-01 00:00:00,0,0,,2040-06-01 00:00:00,3.723,,,,,,,,,,,,,,,,,,,,,,,,,,,,,,,,,,
2040-07-01 00:00:00,3.615,3.715,2040-07-01 00:00:00,0,0,,2040-07-01 00:00:00,3.715,,,,,,,,,,,,,,,,,,,,,,,,,,,,,,,,,,
2040-08-01 00:00:00,3.615,3.715,2040-08-01 00:00:00,0,0,,2040-08-01 00:00:00,3.715,,,,,,,,,,,,,,,,,,,,,,,,,,,,,,,,,,
2040-09-01 00:00:00,3.615,3.715,2040-09-01 00:00:00,0,0,,2040-09-01 00:00:00,3.715,,,,,,,,,,,,,,,,,,,,,,,,,,,,,,,,,,
2040-10-01 00:00:00,3.615,3.715,2040-10-01 00:00:00,0,0,,2040-10-01 00:00:00,3.715,,,,,,,,,,,,,,,,,,,,,,,,,,,,,,,,,,
2040-11-01 00:00:00,3.689,3.789,2040-11-01 00:00:00,0,0,,2040-11-01 00:00:00,3.789,,,,,,,,,,,,,,,,,,,,,,,,,,,,,,,,,,
2040-12-01 00:00:00,3.807,3.907,2040-12-01 00:00:00,,,,2040-12-01 00:00:00,3.907,,,,,,,,,,,,,,,,,,,,,,,,,,,,,,,,,,
2041-01-01 00:00:00,3.978,4.078,2041-01-01 00:00:00,,,,2041-01-01 00:00:00,4.078,,,,,,,,,,,,,,,,,,,,,,,,,,,,,,,,,,
2041-02-01 00:00:00,3.893,3.993,2041-02-01 00:00:00,,,,2041-02-01 00:00:00,3.993,,,,,,,,,,,,,,,,,,,,,,,,,,,,,,,,,,
2041-03-01 00:00:00,3.827,3.927,2041-03-01 00:00:00,,,,2041-03-01 00:00:00,3.927,,,,,,,,,,,,,,,,,,,,,,,,,,,,,,,,,,
2041-04-01 00:00:00,3.778,3.878,2041-04-01 00:00:00,,,,2041-04-01 00:00:00,3.878,,,,,,,,,,,,,,,,,,,,,,,,,,,,,,,,,,
2041-05-01 00:00:00,3.765,3.865,2041-05-01 00:00:00,,,,2041-05-01 00:00:00,3.865,,,,,,,,,,,,,,,,,,,,,,,,,,,,,,,,,,
2041-06-01 00:00:00,3.773,3.873,2041-06-01 00:00:00,,,,2041-06-01 00:00:00,3.873,,,,,,,,,,,,,,,,,,,,,,,,,,,,,,,,,,
2041-07-01 00:00:00,3.765,3.865,2041-07-01 00:00:00,,,,2041-07-01 00:00:00,3.865,,,,,,,,,,,,,,,,,,,,,,,,,,,,,,,,,,
2041-08-01 00:00:00,3.765,3.865,2041-08-01 00:00:00,,,,2041-08-01 00:00:00,3.865,,,,,,,,,,,,,,,,,,,,,,,,,,,,,,,,,,
2041-09-01 00:00:00,3.765,3.865,2041-09-01 00:00:00,,,,2041-09-01 00:00:00,3.865,,,,,,,,,,,,,,,,,,,,,,,,,,,,,,,,,,
2041-10-01 00:00:00,3.765,3.865,2041-10-01 00:00:00,,,,2041-10-01 00:00:00,3.865,,,,,,,,,,,,,,,,,,,,,,,,,,,,,,,,,,
2041-11-01 00:00:00,3.839,3.939,2041-11-01 00:00:00,,,,2041-11-01 00:00:00,3.939,,,,,,,,,,,,,,,,,,,,,,,,,,,,,,,,,,
2041-12-01 00:00:00,3.957,4.057,2041-12-01 00:00:00,,,,2041-12-01 00:00:00,4.057,,,,,,,,,,,,,,,,,,,,,,,,,,,,,,,,,,
2042-01-01 00:00:00,4.133,4.233,2042-01-01 00:00:00,,,,2042-01-01 00:00:00,4.233,,,,,,,,,,,,,,,,,,,,,,,,,,,,,,,,,,
2042-02-01 00:00:00,4.048,4.148,2042-02-01 00:00:00,,,,2042-02-01 00:00:00,4.148,,,,,,,,,,,,,,,,,,,,,,,,,,,,,,,,,,
2042-03-01 00:00:00,3.982,4.082,2042-03-01 00:00:00,,,,2042-03-01 00:00:00,4.082,,,,,,,,,,,,,,,,,,,,,,,,,,,,,,,,,,
2042-04-01 00:00:00,3.933,4.033,2042-04-01 00:00:00,,,,2042-04-01 00:00:00,4.033,,,,,,,,,,,,,,,,,,,,,,,,,,,,,,,,,,
2042-05-01 00:00:00,3.92,4.02,2042-05-01 00:00:00,,,,2042-05-01 00:00:00,4.02,,,,,,,,,,,,,,,,,,,,,,,,,,,,,,,,,,
2042-06-01 00:00:00,3.928,4.028,2042-06-01 00:00:00,,,,2042-06-01 00:00:00,4.028,,,,,,,,,,,,,,,,,,,,,,,,,,,,,,,,,,
2042-07-01 00:00:00,3.92,4.02,2042-07-01 00:00:00,,,,2042-07-01 00:00:00,4.02,,,,,,,,,,,,,,,,,,,,,,,,,,,,,,,,,,
2042-08-01 00:00:00,3.92,4.02,2042-08-01 00:00:00,,,,2042-08-01 00:00:00,4.02,,,,,,,,,,,,,,,,,,,,,,,,,,,,,,,,,,
2042-09-01 00:00:00,3.92,4.02,2042-09-01 00:00:00,,,,2042-09-01 00:00:00,4.02,,,,,,,,,,,,,,,,,,,,,,,,,,,,,,,,,,
2042-10-01 00:00:00,3.92,4.02,2042-10-01 00:00:00,,,,2042-10-01 00:00:00,4.02,,,,,,,,,,,,,,,,,,,,,,,,,,,,,,,,,,
2042-11-01 00:00:00,3.994,4.094,2042-11-01 00:00:00,,,,2042-11-01 00:00:00,4.094,,,,,,,,,,,,,,,,,,,,,,,,,,,,,,,,,,
2042-12-01 00:00:00,4.112,4.212,2042-12-01 00:00:00,,,,2042-12-01 00:00:00,4.212,,,,,,,,,,,,,,,,,,,,,,,,,,,,,,,,,,
2043-01-01 00:00:00,4.293,4.393,2043-01-01 00:00:00,,,,2043-01-01 00:00:00,4.393,,,,,,,,,,,,,,,,,,,,,,,,,,,,,,,,,,
2043-02-01 00:00:00,4.208,4.308,2043-02-01 00:00:00,,,,2043-02-01 00:00:00,4.308,,,,,,,,,,,,,,,,,,,,,,,,,,,,,,,,,,
2043-03-01 00:00:00,4.142,4.242,2043-03-01 00:00:00,,,,2043-03-01 00:00:00,4.242,,,,,,,,,,,,,,,,,,,,,,,,,,,,,,,,,,
2043-04-01 00:00:00,4.093,4.193,2043-04-01 00:00:00,,,,2043-04-01 00:00:00,4.193,,,,,,,,,,,,,,,,,,,,,,,,,,,,,,,,,,
2043-05-01 00:00:00,4.08,4.18,2043-05-01 00:00:00,,,,2043-05-01 00:00:00,4.18,,,,,,,,,,,,,,,,,,,,,,,,,,,,,,,,,,
2043-06-01 00:00:00,4.088,4.188,2043-06-01 00:00:00,,,,2043-06-01 00:00:00,4.188,,,,,,,,,,,,,,,,,,,,,,,,,,,,,,,,,,
2043-07-01 00:00:00,4.08,4.18,2043-07-01 00:00:00,,,,2043-07-01 00:00:00,4.18,,,,,,,,,,,,,,,,,,,,,,,,,,,,,,,,,,
2043-08-01 00:00:00,4.08,4.18,2043-08-01 00:00:00,,,,2043-08-01 00:00:00,4.18,,,,,,,,,,,,,,,,,,,,,,,,,,,,,,,,,,
2043-09-01 00:00:00,4.08,4.18,2043-09-01 00:00:00,,,,2043-09-01 00:00:00,4.18,,,,,,,,,,,,,,,,,,,,,,,,,,,,,,,,,,
2043-10-01 00:00:00,4.08,4.18,2043-10-01 00:00:00,,,,2043-10-01 00:00:00,4.18,,,,,,,,,,,,,,,,,,,,,,,,,,,,,,,,,,
2043-11-01 00:00:00,4.154,4.254,2043-11-01 00:00:00,,,,2043-11-01 00:00:00,4.254,,,,,,,,,,,,,,,,,,,,,,,,,,,,,,,,,,
2043-12-01 00:00:00,4.272,4.372,2043-12-01 00:00:00,,,,2043-12-01 00:00:00,4.372,,,,,,,,,,,,,,,,,,,,,,,,,,,,,,,,,,
2044-01-01 00:00:00,4.458,4.558,2044-01-01 00:00:00,,,,2044-01-01 00:00:00,4.558,,,,,,,,,,,,,,,,,,,,,,,,,,,,,,,,,,
2044-02-01 00:00:00,4.373,4.473,,,,,2044-02-01 00:00:00,4.473,,,,,,,,,,,,,,,,,,,,,,,,,,,,,,,,,,
2044-03-01 00:00:00,4.307,4.407,,,,,2044-03-01 00:00:00,4.407,,,,,,,,,,,,,,,,,,,,,,,,,,,,,,,,,,
2044-04-01 00:00:00,4.258,4.358,,,,,2044-04-01 00:00:00,4.358,,,,,,,,,,,,,,,,,,,,,,,,,,,,,,,,,,
2044-05-01 00:00:00,4.245,4.345,,,,,2044-05-01 00:00:00,4.345,,,,,,,,,,,,,,,,,,,,,,,,,,,,,,,,,,
2044-06-01 00:00:00,4.253,4.353,,,,,2044-06-01 00:00:00,4.353,,,,,,,,,,,,,,,,,,,,,,,,,,,,,,,,,,
2044-07-01 00:00:00,4.245,4.345,,,,,2044-07-01 00:00:00,4.345,,,,,,,,,,,,,,,,,,,,,,,,,,,,,,,,,,
2044-08-01 00:00:00,4.245,4.345,,,,,2044-08-01 00:00:00,4.345,,,,,,,,,,,,,,,,,,,,,,,,,,,,,,,,,,
2044-09-01 00:00:00,4.245,4.345,,,,,2044-09-01 00:00:00,4.345,,,,,,,,,,,,,,,,,,,,,,,,,,,,,,,,,,
2044-10-01 00:00:00,4.245,4.345,,,,,2044-10-01 00:00:00,4.345,,,,,,,,,,,,,,,,,,,,,,,,,,,,,,,,,,
2044-11-01 00:00:00,4.319,4.419,,,,,2044-11-01 00:00:00,4.419,,,,,,,,,,,,,,,,,,,,,,,,,,,,,,,,,,
2044-12-01 00:00:00,4.437,4.537,,,,,2044-12-01 00:00:00,4.537,,,,,,,,,,,,,,,,,,,,,,,,,,,,,,,,,,
2045-01-01 00:00:00,4.628,4.728,,,,,2045-01-01 00:00:00,4.728,,,,,,,,,,,,,,,,,,,,,,,,,,,,,,,,,,
2045-02-01 00:00:00,4.543,4.643,,,,,2045-02-01 00:00:00,4.643,,,,,,,,,,,,,,,,,,,,,,,,,,,,,,,,,,
2045-03-01 00:00:00,0,0,,,,,,,,,,,,,,,,,,,,,,,,,,,,,,,,,,,,,,,,
