U.S. Energy Information Administration,,,,,,,,,,
September 2014 Monthly Energy Review,,,,,,,,,,
,,,,,,,,,,
Note: Information about data precision and revisions.,,,,,,,,,,
,,,,,,,,,,
"Release Date: September 25, 2014",,,,,,,,,,
"Next Update: October 28, 2014",,,,,,,,,,
,,,,,,,,,,
Table 3.7b Petroleum Consumption:  Industrial Sector,,,,,,,,,,
,,,,,,,,,,
Month,Asphalt and Road Oil Consumed by the Industrial Sector,Distillate Fuel Oil Consumed by the Industrial Sector,Kerosene Consumed by the Industrial Sector,Liquefied Petroleum Gases Consumed by the Industrial Sector,Lubricants Consumed by the Industrial Sector,Motor Gasoline Consumed by the Industrial Sector,Petroleum Coke Consumed by the Industrial Sector,Residual Fuel Oil Consumed by the Industrial Sector,Other Petroleum Products Consumed by the Industrial Sector,Total Petroleum Consumed by the Industrial Sector
,(Thousand Barrels per Day),(Thousand Barrels per Day),(Thousand Barrels per Day),(Thousand Barrels per Day),(Thousand Barrels per Day),(Thousand Barrels per Day),(Thousand Barrels per Day),(Thousand Barrels per Day),(Thousand Barrels per Day),(Thousand Barrels per Day)
1973-01-01 00:00:00,183.645,727.361,141.25,1240.977,81.11,122.028,263.344,834.665,998.645,4593.025
1973-02-01 00:00:00,216.643,874.019,134.005,1155.588,88.75,128.389,239.916,992.007,972.321,4801.638
1973-03-01 00:00:00,255.645,718.377,69.834,874.702,86.417,129.913,238.348,1038.087,983.323,4394.646
1973-04-01 00:00:00,377.733,530.107,56.76,806.899,79.166,130.481,233.314,796.524,987.5,3998.485
1973-05-01 00:00:00,543.613,678.634,46.04,789.061,90.458,137.778,249.67,831.525,993,4359.78
1973-06-01 00:00:00,710.233,584.235,40.929,715.126,81.326,138.905,270.887,745.844,1033.067,4320.552
1973-07-01 00:00:00,797,595.881,51.652,686.617,95.414,140.09,259.456,543.909,1033.258,4203.276
1973-08-01 00:00:00,892.355,633.575,51.023,792.233,92.866,144.747,270.113,711.658,1059.516,4648.085
1973-09-01 00:00:00,734.5,706.457,64.182,801.817,84.05,131.262,243.443,716.539,999.167,4481.417
1973-10-01 00:00:00,702.935,664.851,62.438,924.108,100.14,133.184,281.044,643.2,1012.452,4524.352
1973-11-01 00:00:00,519.6,837.57,106.329,1054.153,91.731,136.097,248.799,1007.153,992.467,4993.898
1973-12-01 00:00:00,305.645,752.573,82.898,994.572,87.735,124.406,244.849,871.308,986.581,4450.567
1974-01-01 00:00:00,225.419,791.007,107.987,1132.828,91.899,108.867,241.666,894.965,951.194,4545.833
1974-02-01 00:00:00,277.643,769.857,97.384,1012.505,84.82,114.41,240.28,913.466,992.75,4503.117
1974-03-01 00:00:00,304.968,639.434,61.704,894.227,86.364,115.574,255.151,792.334,913.516,4063.273
1974-04-01 00:00:00,413.867,609.017,45.053,833.121,85.285,121.107,228.489,801.352,965.3,4102.59
1974-05-01 00:00:00,560.968,562.88,24.713,742.324,91.565,126.517,207.81,653.377,1003.935,3974.09
1974-06-01 00:00:00,635.3,569.989,39.772,792.036,74.318,129.778,232.965,724.255,1055.067,4253.479
1974-07-01 00:00:00,685.71,540.011,43.208,747.558,87.805,130.526,222.088,646.659,1171.258,4274.823
1974-08-01 00:00:00,693.129,568.277,48.755,770.168,79.336,132.445,226.847,686.36,1147.581,4352.897
1974-09-01 00:00:00,672.2,478.308,47.792,859.948,88.408,119.807,253.632,661.437,1049.8,4231.331
1974-10-01 00:00:00,655.806,626.745,66.691,946.171,88.086,125.895,197.522,735.888,1078.645,4521.45
1974-11-01 00:00:00,415.7,687.074,67.782,1017.898,79.075,122.788,220.851,842.349,1060.933,4514.45
1974-12-01 00:00:00,220.065,761.945,84.65,1076.271,77.578,123.001,233.592,701.381,1011.548,4290.031
1975-01-01 00:00:00,188.129,924.76,79.571,1072.791,71.844,108.265,244.846,913.686,1014.677,4618.57
1975-02-01 00:00:00,189.893,822.894,91.51,948.413,55.923,106.35,247.061,741.218,921.893,4125.155
1975-03-01 00:00:00,199.935,796.145,60.513,879.205,51.51,110.356,221.903,818.268,931,4068.836
1975-04-01 00:00:00,311.033,765.666,52.901,777.419,70.571,117.201,239.625,576.192,890.067,3800.674
1975-05-01 00:00:00,424,547.706,35.231,627.683,66.725,119.874,216.412,574.404,936.29,3548.325
1975-06-01 00:00:00,594.033,490.519,47.797,627.432,73.257,123.448,231.091,553.349,961.633,3702.559
1975-07-01 00:00:00,642.387,485.713,35.29,746.028,67.248,122.827,270.115,540.739,1043.677,3954.025
1975-08-01 00:00:00,637.419,463.663,38.735,759.818,73.049,122.264,251.191,400.809,1033.355,3780.302
27638,644.667,362.288,45.251,788.29,72.765,117.386,250.154,676.735,1049,4006.535
27668,582.129,636.45,52.876,895.977,76.995,118.24,273.978,627.855,1038.742,4303.243
27699,398.5,473.917,53.13,897.155,60.662,111.472,250.1,683.795,1067.4,3996.131
27729,199.323,792.409,99.657,1108.868,68.944,118.77,252.214,788.313,1113.258,4541.756
27760,165.613,952.101,104.243,1182.448,60.211,100.673,265.072,725.561,1150.484,4706.407
27791,174.138,758.21,76.19,967.35,68.938,98.552,241.719,913.701,1185.207,4484.004
27820,257.129,756.416,55.512,830.325,84.175,108.418,251.023,806.733,1152.355,4302.086
27851,326.633,687.926,48.607,765.497,77.597,112.649,243.657,720.292,1113.3,4096.158
27881,461.226,588.991,27.294,725.486,71.686,107.827,243.976,767.521,1102.323,4096.328
27912,578.7,514.811,42.183,707.538,81.871,117.724,236.98,695.282,1161.967,4137.055
27942,597.774,532.548,34.808,703.157,81.449,115.101,209.616,702.591,1173.258,4150.302
27973,669.645,503.819,32.969,773.166,71.385,112.787,289.097,736.41,1133.452,4322.73
28004,603.6,679.33,52.303,791.948,80.053,111.376,254.349,753.755,1112.133,4438.847
28034,502.516,819.357,54.44,954.368,72.764,109.024,228.327,749.788,1102.065,4592.649
28065,380.5,764.22,75.481,1113.317,74.19,110.742,210.425,923.553,1123.467,4775.895
28095,206.645,1047.59,106.579,1224.392,73.556,112.309,234.775,1011.837,1235.516,5253.199
28126,162.871,1041.855,141.027,1246.373,73.674,92.348,262.944,742.581,1232,4995.672
28157,189,1071.112,104.528,1236.491,64.119,98.448,245.224,1064.608,1347.429,5420.959
28185,263.935,845.133,56.93,874.874,98.209,98.565,266.633,967.756,1289.516,4761.552
28216,334.067,768.831,46.746,793.064,81.238,104.803,236.07,862.664,1295.1,4522.583
28246,488.903,676.056,41.838,754.083,88.123,100.297,247.886,748.256,1221.613,4367.056
28277,676.233,679.027,38.797,798.016,90.289,108.338,236.922,851.722,1261.867,4741.211
28307,605.484,611.374,53.593,731.954,82.035,106.15,342.768,617.909,1293.903,4445.171
28338,692.161,639.902,46.245,762.876,91.574,105.872,268.074,829.918,1317.419,4754.041
28369,623.4,664.644,51.011,777.324,81.426,104.39,293.77,893.318,1256.033,4745.316
28399,568.774,790.578,74.837,909.234,81.769,101.741,271.837,863.933,1301.871,4964.573
28430,385.633,908.074,67.053,1021.791,81.255,102.61,278.103,833.47,1361.933,5039.924
28460,228.032,1026.506,108.702,1134.521,70.605,105.226,244.186,874.47,1358.032,5150.281
28491,147.194,1113.6,133.111,1218.706,70.555,83.562,267.668,766.465,1352.323,5153.182
28522,165.107,1199.308,136.694,1172.476,80.227,86.004,236.617,938.072,1376,5390.504
28550,250.226,1019.935,85.852,928.387,80.525,90.738,247.742,853.155,1311.871,4868.431
28581,352.7,857.18,46.292,756.084,90.478,90.08,187.987,928.773,1391.1,4700.673
28611,514.71,814.26,53.518,760.598,92.652,96.609,266.706,766.443,1419.548,4785.043
28642,706.533,663.268,38.981,730.8,99.546,98.969,243.299,659.878,1436.567,4677.841
28672,699.968,602.4,40.404,729.95,85.535,94.751,235.509,698.489,1384.452,4571.458
28703,805.903,600.054,48.239,708.256,95.588,98.459,271.311,669.088,1392.71,4689.609
28734,681.667,500.337,74.949,869.753,87.906,92.535,254.569,698.566,1433.233,4693.515
28764,698.935,672.557,74.121,963.113,92.171,93.151,255.5,662.435,1373.419,4885.403
28795,448.433,872.761,75.935,1032.513,96.615,93.842,281.28,704.741,1404.367,5010.486
28825,252.226,984.402,97.695,1191.652,86.862,93.196,252.09,645.063,1418.548,5021.734
28856,193.774,1159.096,150.752,1658.756,88.953,81.824,228.555,675.761,1477.161,5714.632
28887,196.5,1213.055,154.254,1595.534,85.957,86.903,232.278,778.42,1502.821,5845.723
28915,265.097,931.655,72.446,1315.336,103.369,86.599,238.907,1032.949,1529.935,5576.294
28946,350.7,761.269,71.468,1108.115,99.1,84.515,205.387,683.874,1538.833,4903.262
28976,529.097,802.398,63.228,1074.832,106.255,86.412,209.948,689.872,1619.161,5181.203
29007,677.133,668.415,63.738,1016.106,96.015,86.141,286.316,651.037,1612.633,5157.535
29037,673.29,655.506,59.459,1076.319,87.642,82.68,232.171,556.422,1506.742,4930.231
29068,755.774,713.989,72.196,1134.252,97.911,87.812,325.314,593.142,1511.419,5291.811
29099,658.167,603.364,72.913,1104.432,82.284,82.428,234.48,705.203,1513.433,5056.704
29129,632.065,777.36,82.532,1305.514,96.716,84.101,253.357,729.238,1506.355,5467.237
29160,461.6,780.843,69.9,1361.327,91.215,81.352,222.373,760.516,1618.533,5447.659
29190,300.065,911.514,100.688,1452.463,71.799,80.626,239.557,802.037,1609.032,5567.782
29221,181.839,732.606,131.76,1566.573,90.827,79.05,236.181,668.339,1812.452,5499.626
29252,200.483,803.106,127.903,1407.212,89.093,82.472,212.115,670.498,1710.586,5303.469
29281,220.839,794.134,96.43,1201.916,83.876,80.094,210.836,659.112,1707.29,5054.527
29312,284.567,616.599,77.599,959.583,87.683,85.018,253.227,683.519,1713.633,4761.429
29342,427.355,501.68,61.954,1033.254,76.527,84.138,239.545,592.482,1601.484,4618.418
29373,553.467,488.586,65.123,961.286,79.352,83.234,186.324,586.978,1576.1,4580.449
29403,595.548,484.61,63.271,915.323,70.97,84.302,249.058,486.127,1331.774,4280.983
29434,589.387,451.333,75.612,916.944,71.301,83.121,205.617,447.74,1376.129,4217.185
29465,588.133,638.755,72.299,1102.457,83.569,81.392,255.781,610.225,1526.2,4958.812
29495,520.419,658.848,80.011,1274.394,91.258,83.298,221.225,569.659,1451.806,4950.918
29526,346.433,515.848,68.453,1225.118,81.066,77.937,288.021,533.876,1559.767,4696.52
29556,239,769.142,129.303,1506.346,78.883,82.917,251.508,535.148,1610.161,5202.408
29587,182.482,894.85,92.738,1522.443,76.263,81.39,282.078,559.097,1151.655,4842.996
29618,159.455,720.926,65.326,1408.112,86.84,79.737,206.846,619.669,1220.185,4567.095
29646,221.475,804.644,46.404,1217.939,81.262,79.763,270.607,502.073,1189.816,4413.984
29677,301.235,641.071,38.793,1040.613,93.647,83.555,252.735,444.929,1205.998,4102.576
29707,353.421,570.465,35.076,1017.65,77.824,83.715,203.73,448.248,1485.804,4275.932
29738,460.33,598.66,34.327,1038.05,73.539,88.941,279.382,438.467,1206.896,4218.59
29768,490.602,552.032,37.354,977.888,84.496,86.349,211.518,399.865,1210.127,4050.232
29799,517.868,564.156,38.673,923.5,71.337,83.992,241.522,426.842,1168.152,4036.043
29830,464.32,643.242,38.385,1144.532,79.561,84.311,288.475,436.054,1102.245,4281.124
29860,438.696,581.789,55,1238.446,87.722,83.244,225.492,393.521,1064.95,4168.86
29891,323.081,562.228,62.759,1190.025,63.277,80.651,285.685,447.148,1043.282,4058.137
29921,176.364,704.292,80.817,1292.3,70.944,84.553,248.717,548.591,1067.557,4274.136
29952,96.241,941.348,108.585,1505.009,66.212,65.702,294.316,446.424,846.342,4370.179
29983,138.572,730.365,93.896,1309.406,77.591,68.294,283.726,637.786,931.18,4270.816
30011,177.248,645.426,62.126,1304.251,69.114,71.277,293.427,499.523,903.766,4026.158
30042,238.526,689.814,57.559,1177.326,78.026,76.028,253.742,558.776,1006.029,4135.828
30072,341.839,580.492,54.873,1132.886,68.835,73.356,253.09,454.396,917.288,3877.053
30103,493.222,579.132,43.718,1012.64,77.874,75.343,221.077,420.994,981.759,3905.759
30133,533.613,477.771,50.943,1130.131,70.948,74.848,271.962,390.098,951.373,3951.687
30164,591.876,542.297,41.416,1030.699,71.224,72.904,271.91,414.846,1100.93,4138.102
30195,513.451,471.249,57.031,1181.566,76.593,71.989,221.622,378.564,993.785,3965.851
30225,490.585,590.259,74.741,1147.597,67.558,70.441,194.329,408.884,1031.192,4075.585
30256,298.292,594.241,73.969,1278.348,82.419,72.468,168.545,484.163,948.12,4000.564
30286,181.537,573.599,99.161,1326.504,57.815,72.185,222.709,396.53,1059.723,3989.763
30317,120.283,512.114,43.854,1498.177,58.404,53.507,161.695,407.455,771.143,3626.633
30348,136.435,519.383,38.101,1323.529,66.424,53.061,224.829,357.805,994.143,3713.709
30376,199.292,583.653,31.195,1063.827,79.701,60.449,175.373,400.144,1119.701,3713.335
30407,258.077,513.691,33.715,973.639,72.736,57.058,185.256,357.633,1128.171,3579.975
30437,413.009,505.103,25.676,975.411,79.369,58.514,206.162,400.704,1017.174,3681.122
30468,567.028,485.713,16.765,958.38,78.775,61.845,205.957,321.198,1102.463,3798.123
30498,575.719,406.38,21.465,1046.34,75.235,59.827,301.468,236.975,1109.902,3833.311
30529,655.207,490.659,22.386,995.74,77.823,61.331,258.484,277.022,1097.714,3936.367
30560,593.148,551.883,26.073,1182.655,86.263,59.487,246.384,335.552,1097.067,4178.511
30590,457.898,560.53,27.186,1133.28,86.289,58.26,241.794,320.559,1045.046,3930.843
30621,349.474,651.508,39.936,1267.202,74.661,58.391,270.546,382.27,1061.642,4155.631
30651,139.514,666.466,57.293,1574.487,67.137,60.541,223.228,343.116,963.229,4095.012
30682,134.766,736.534,37.452,1645.086,69.672,77.837,270.085,520.499,1049.319,4541.25
30713,159.826,565.988,20.201,1379.297,91.228,77.426,240.351,504.418,1195.421,4234.155
30742,201.734,698.347,22.749,1300.393,88.828,81.113,273.742,477.075,1156.734,4300.714
30773,287.086,649.445,20.03,1163.869,93.221,82.952,238.961,458.307,1146.526,4140.396
30803,433.915,618.617,11.302,1141.768,75.72,85.614,273.517,372.498,1177.354,4190.305
30834,598.697,500.49,15.352,1126.722,81.882,88.302,194.488,358.584,1108.095,4072.612
30864,629.735,455.578,15.991,1178.531,73.813,84.865,223.365,306.185,1225.363,4193.427
30895,716.557,402.434,14.488,1216.11,80.23,88.133,257.516,268.842,1217.14,4261.451
30926,636.083,521.869,20.736,1193.08,83.456,81.863,237.365,348.197,990.611,4113.259
30956,542.113,594.291,14.966,1347.115,84.122,83.614,282.384,297.852,1087.195,4333.653
30987,356.242,535.653,31.03,1296.53,75.97,84.49,219.336,392.066,977.985,3969.303
31017,196.785,490.574,24.652,1407.54,63.668,81.446,213.236,337.584,1109.805,3925.292
31048,141.354,801.154,44.931,1557.51,70.178,105.63,215.1,363.222,886.642,4185.72
31079,166.089,686.681,32.896,1499.357,83.737,109.608,237.587,341.406,1030.689,4188.05
31107,239.889,628.051,13.108,1276.28,77.497,110.884,257.44,347.405,928.432,3878.986
31138,365.162,553.284,13.996,1100.048,83.523,115.734,230.077,352.423,1107.314,3921.56
31168,484.646,475.178,12.06,1087.442,81.571,117.471,293.61,354.636,1161.721,4068.335
31199,596.765,451.522,15.331,1151.597,77.782,116.418,249.224,280.27,1163.577,4102.484
31229,696.001,339.556,9.735,1141.976,71.205,116.609,286.004,273.699,1084.155,4018.939
31260,680.038,407.218,16.6,1132.807,82.258,120.491,315.502,284.849,1114.455,4154.218
31291,635.756,421.542,14.369,1213.842,71.03,110.307,220.89,268.215,1039.977,3995.927
31321,538.517,553.279,18.213,1442.047,79.242,114.753,276.58,271.493,955.55,4249.675
31352,340.568,435.138,19.26,1302.578,64.28,112.648,290.989,397.523,916.969,3879.954
31382,198.207,571.764,46.945,1528.341,56.196,113.019,258.773,375.222,992.001,4140.468
31413,195.246,667.371,26.89,1435.775,38.145,99.412,280.166,304.795,1017.008,4064.808
31444,147.802,684.474,22.119,1382.259,72.666,98.908,304.075,344.349,1057.605,4114.258
31472,215.966,631.142,19.665,1196.459,84.76,106.337,291,349.802,1191.758,4086.888
31503,411.247,579.655,8.47,1026.358,81.56,108.627,193.224,366.913,1136.499,3912.553
31533,515.764,510.067,10.671,987.685,86.85,108.655,266.97,325.71,1234.985,4047.357
31564,648.129,391.604,4.813,924.103,85.16,110.225,332.638,311.259,1223.329,4031.26
31594,685.091,407.931,9.759,1026.94,73.186,113.687,204.108,267.28,1025.281,3813.262
31625,695.587,394.271,15.589,1006.506,72.767,113.676,264.692,271.272,1220.226,4054.587
31656,700.822,406.028,8.924,1161.332,82.561,104.955,317.159,287.326,1129.403,4198.508
31686,598.722,564.36,15.797,1396.076,79.283,110.844,219.45,290.446,1055.148,4330.125
31717,323.481,572.49,18.572,1449.255,66.922,105.176,237.768,328.914,1040.422,4143
31747,221.486,744.245,24.784,1495.813,54.635,109.208,262.16,405.417,926.19,4243.939
31778,184.689,716.313,22.653,1564.67,80.064,97.278,358.355,291.98,1123.688,4439.688
31809,174.767,728.017,21.453,1420.038,86.55,101.165,264.144,308.923,1253.355,4358.412
31837,247.504,562.473,15.137,1230.357,89.16,103.67,266.081,232.515,1114.528,3861.424
31868,389.359,585.296,6.261,1185.311,92.769,108.877,274.076,261.369,1279.995,4183.314
31898,535.443,439.849,6.962,1022.179,79.147,111.056,246.911,210.194,1238.725,3890.468
31929,670.134,478.646,8.7,1111.286,94.788,112.233,288.703,224.287,1295.947,4284.724
31959,746.814,403.198,7.398,1218.043,84.784,112.855,311.59,247.064,1247.018,4378.764
31990,709.377,337.072,9.38,1088.719,78.433,109.238,333.256,208.001,1195.294,4068.77
32021,705.607,495.992,10.46,1287.186,80.664,107.257,253.487,312.37,1130.281,4383.304
32051,567.095,601.519,18.053,1358.071,77.236,108.748,309.439,238.299,1055.531,4333.991
32082,419.926,473.766,15.866,1377.293,67.016,106.455,312.174,227.332,965.8,3965.628
32112,229.744,633.703,22.133,1497.936,82.279,107.942,305.251,284.744,1222.036,4385.768
32143,96.596,695.692,26.512,1680.133,67.788,91.566,319.666,262.775,1079.819,4320.548
32174,207.521,716.015,21.142,1544.599,87.573,96.303,309.406,339.513,1167.914,4489.986
32203,262.232,703.233,15.139,1366.378,87.67,100.184,329.438,318.037,1282.474,4464.786
32234,360.98,438.968,10.186,1063.905,79.072,101.651,305.302,308.485,1310.797,3979.345
32264,549.9,418.491,10.224,1060.151,89.78,99.912,328.413,182.266,1308.7,4047.838
32295,725.046,439.545,6.989,1067.412,78.755,106.948,226.375,188.165,1359.634,4198.868
32325,682.607,275.874,8.465,1130.351,75.973,102.361,257.675,158.738,1354.666,4046.71
32356,805.537,369.324,8.543,1192.499,84.826,103.38,345.864,165.843,1395.022,4470.837
32387,709.232,412.357,12.189,1359.114,83.469,101.293,301.856,228.236,1208.571,4416.317
32417,580.425,605.764,13.104,1409.828,78.496,99.476,277.979,210.535,1366.521,4642.129
32448,403.131,572.062,17.524,1426.391,82.372,100.946,325.561,228.489,1301.5,4457.976
32478,224.849,715.164,23.106,1609.022,59.294,100.474,343.438,261.511,1289.913,4626.772
32509,141.558,580.237,23.553,1572.857,73.36,95.424,378.59,214.215,1239.179,4318.973
32540,199.316,681.324,21.647,1584.171,85.436,100.717,281.181,204.865,1283.563,4442.218
32568,226.159,616.807,14.216,1423.787,96.53,104.991,260.422,191.545,1485.23,4419.687
32599,359.54,499.606,11.049,1175.064,82.496,101.256,261.848,196.77,1349.418,4037.047
32629,502.787,505.025,8.704,1057.497,100.601,104.418,343.074,153.083,1283.568,4058.758
32660,620.29,479.501,11.08,1108.325,88.736,110.075,290.694,153.38,1388.202,4250.282
32690,687.625,288.508,8.252,1047.109,69.268,103.224,295.448,175.41,1304.318,3979.162
32721,804.006,425.869,7.017,1116.734,83.028,109.178,354.645,142.748,1229.346,4272.572
32752,649.114,420.882,7.508,1271.436,80.431,102.435,289.305,123.015,1333.131,4277.258
32782,636.89,554.824,14.997,1376.623,85.519,103.301,276.091,201.794,1147.914,4397.952
32813,400.56,619.903,17.256,1349.824,75.549,104.028,311.389,159.34,1162.34,4200.189
32843,184.783,766.559,26.282,1539.379,60.977,104.838,255.93,225.361,1203.088,4367.198
32874,223.109,671.479,12.054,1233.838,82.426,88.697,342.581,242.344,1535.413,4431.94
32905,206.231,680.825,13.215,1239.244,95.501,95.848,318.749,223.306,1315.103,4188.022
32933,274.379,720.545,6.675,1245.334,92.25,97.97,324.141,169.545,1367.754,4298.592
32964,362.427,581.372,6.39,1241.258,75.542,95.076,278.277,161.31,1475.024,4276.676
32994,541.913,504.466,2.177,1118.959,89.991,98.243,280.721,184.684,1447.164,4268.318
33025,681.902,449.569,1.633,945.823,72.056,100.384,303.513,175.15,1539.48,4269.512
33055,717.14,329.127,2.3,1087.198,87.223,100.077,314.609,176.23,1519.255,4333.159
33086,802.963,595.131,5.517,1142.691,99.798,104.083,338.963,177.21,1362.673,4629.028
33117,721.111,444.11,4.293,1223.831,90.522,92.317,342.391,144.269,1314.254,4377.098
33147,610.828,508.993,2.545,1397.49,89.817,96.48,318.096,153.381,1187.538,4365.166
33178,418.698,583.292,3.243,1328.994,73.374,96.682,364.02,142.644,1134.807,4145.754
33208,218.102,434.6,11.571,1376.045,61.896,93.171,370.907,202.737,1276.672,4045.703
33239,173.101,741.691,10.934,1679.918,77.433,93.213,270.829,135.442,1340.742,4523.303
33270,200.793,534.032,6.608,1476.434,62.841,95.925,259.146,150.546,1223.092,4009.417
33298,235.794,551.016,5.077,1268.688,72.948,98.436,304.242,160.069,1177.112,3873.382
33329,370.478,484.658,4.601,1159.928,75.004,100.116,359.666,144.53,1284.489,3983.471
33359,487.198,431.036,3.167,1104.81,81.652,104.324,284.39,117.29,1246.324,3860.191
33390,633.31,407.466,1.912,1171.361,77.113,104.592,293.251,163.687,1255.461,4108.155
33420,661.28,329.742,1.618,1236.906,84.996,106.069,319.18,133.42,1356.599,4229.811
33451,681.997,390.672,2.025,1251.683,70.732,105.6,308.041,152.676,1321.345,4284.771
33482,695.025,509.149,0.605,1349.04,82.391,99.359,339.417,135.445,1365.144,4575.574
33512,607.726,572.829,3.165,1279.265,77.232,102.142,371.621,135.143,1331.915,4481.039
33543,342.254,560.58,13.599,1430.193,70.031,98.312,328.719,148.351,1420.542,4412.581
33573,229.43,571.529,12.749,1513.506,70.181,101.334,338.272,170.273,1267.528,4274.803
33604,186.003,654.796,12.905,1557.611,77.343,95.484,368.399,191.801,1349.332,4493.673
33635,202.352,676.362,8.394,1638.258,76.285,96.795,314.098,206.859,1148.05,4367.454
33664,233.259,665.333,9.364,1347.831,75.831,99.213,371.538,174.651,1399.604,4376.624
33695,381.233,552.093,3.842,1237.599,81.168,100.622,367.24,163.621,1498.398,4385.816
33725,511.017,434.433,2.215,1144.55,94.612,101.875,396.658,164.274,1459.48,4309.114
33756,692.323,340.171,1.161,1243.241,81.966,103.701,438.5,153.46,1490.856,4545.379
33786,656.568,385.62,6.3,1233.149,74.586,106.188,396.65,148.015,1536.11,4543.187
33817,702.185,368.714,-1.815,1204.043,73.284,102.591,377.113,143.895,1548.174,4518.183
33848,693.202,426.993,2.288,1293.835,79.008,102.098,274.868,129.197,1484.48,4485.97
33878,584.463,574.987,3.825,1516.026,73.646,102.013,380.163,174.317,1384.496,4793.937
33909,368.92,505.306,3.829,1675.226,72.245,98.725,341.06,159.347,1469.988,4694.646
33939,228.392,648.48,4.287,1745.046,59.061,102.813,311.495,208.676,1426.711,4734.96
33970,140.662,605.772,7.894,1556.769,70.824,83.131,302.725,185.074,1256.947,4209.797
34001,220.255,745.12,12.66,1539.502,73.096,89.059,336.05,206.135,1346.052,4567.928
34029,273.958,682.099,6.849,1471.293,85.63,92.53,358.444,187.1,1457.862,4615.765
34060,408.466,444.848,3.715,1212.22,80.038,93.098,310.917,211.788,1426.617,4191.707
34090,477.059,327.867,1.607,1120.088,73.039,94.984,333.648,205.804,1357.056,3991.153
34121,702.771,368.962,-2.07,1160.101,87.572,96.42,382.763,145.057,1359.749,4301.325
34151,708.273,258.568,2.826,1265.048,76.539,97.481,330.486,177.741,1462.932,4379.893
34182,755.541,310.176,4.173,1193.068,87.984,98.471,349.456,140.522,1283.286,4222.678
34213,706.347,493.416,5.217,1292.26,85.362,95.26,332.714,207.967,1438.042,4656.585
34243,622.866,596.995,1.594,1455.232,73.723,92.441,279.842,200.151,1459.229,4782.073
34274,431.105,754.864,15.942,1577.562,81.458,94.326,339.367,214.285,1331.028,4839.936
34304,232.017,734.865,15.815,1526.644,63.076,95.937,304.071,251.379,1298.049,4521.854
34335,173.79,745.939,13.34,1929.642,77.032,92.569,333.9,206.239,1403.782,4976.234
34366,207.183,685.801,12.073,1660.991,81.579,96.479,315.904,266.605,1589.872,4916.487
34394,302.431,606.898,8.633,1443.903,89.084,98.071,274.669,185.041,1389.934,4398.665
34425,401.737,546.251,8.542,1312.366,85.539,100.308,344.733,197.247,1521.135,4517.857
34455,529.143,401.861,2.523,1203.233,83.337,101.38,382.945,194.254,1502.855,4401.532
34486,713.24,438.923,-0.526,1250.103,90.951,105.063,390.497,157.198,1403.088,4548.537
34516,696.534,252.152,3.592,1408.203,78.817,104.563,318.998,161.362,1481.889,4506.11
34547,750.017,458.759,7.216,1440.564,80.152,105.758,313.533,180.491,1407.569,4744.058
34578,715.665,531.727,2.594,1484.486,77.263,100.995,307.094,137.133,1371.914,4728.871
34608,598.518,502.719,8.696,1643.917,86.111,100.099,349.416,160.945,1429.489,4879.912
34639,443.161,585.31,13.659,1536.561,69.567,98.989,314.61,165.222,1332.164,4559.244
34669,263.613,527.655,17.824,1744.447,80.978,105.081,300.498,184.691,1618.659,4843.446
34700,170.563,683.022,12.707,1788.56,76.893,96.688,326.701,142.551,1257.093,4554.778
34731,283.619,729.876,14.114,1718.594,78.545,100.974,335.706,178.523,1490.466,4930.418
34759,263.399,629.672,8.275,1417.62,88.439,105.115,319.607,133.972,1446.617,4412.716
34790,391.5,473.266,5.844,1480.197,69.978,103.276,296.922,137.555,1412.746,4371.283
34820,557.699,398.386,6.93,1373.905,84.878,106.548,359.197,132.005,1349.989,4369.539
34851,701.46,562.372,3.979,1370.905,81.655,110.957,333.196,156.098,1327.103,4647.724
34881,700.673,265.947,2.803,1271.124,70.959,106.465,363.799,134.265,1403.129,4319.165
34912,794.279,411.251,4.669,1390.901,86.973,110.508,284.001,146.329,1399.371,4628.283
34943,698.143,629.683,3.552,1519.579,79.496,105.094,333.799,148.293,1377.987,4895.626
34973,633.81,515.015,6.008,1544.584,85.653,105.025,296.319,142.238,1302.39,4631.042
35004,401.495,546.963,10.493,1678.094,84.917,106.172,329.083,133.854,1380.925,4671.996
35034,228.738,559.87,10.623,1787.579,74.973,104.495,358.338,177.896,1432.334,4734.845
35065,211.226,715.138,13.681,1802.055,69.742,96.496,291.534,182.067,1535.398,4917.337
35096,109.172,716.752,20.068,1779.775,74.534,100.853,320.489,178.404,1568.079,4868.127
35125,340.516,622.516,13.239,1606.974,98.674,103.41,404.586,142.81,1534.993,4867.717
35156,404.967,585.262,5.733,1465.709,69.084,104.488,343.494,125.045,1533.74,4637.52
35186,560.935,474.219,3.954,1449.405,87.144,107.114,297.514,142.39,1487.254,4609.928
35217,639.3,465.569,3.985,1399.648,72.427,107.34,351.661,128.106,1533.996,4702.034
35247,718.742,386.144,2.677,1403.307,80.11,108.366,339.172,159.672,1471.071,4669.261
35278,765.548,461.287,3.345,1463.386,79.961,110.729,300.02,153.15,1498.392,4835.819
35309,681.267,483.448,5.628,1469.294,82.249,101.689,324.295,123.524,1353.109,4624.503
35339,686.774,662.415,0.516,1627.971,77.887,107.412,424.254,140.87,1635.753,5363.853
35370,410.367,576.156,17.642,1778.841,75.684,105.039,333.096,124.284,1513.484,4934.592
35400,263.452,538.184,16.004,1716.216,64.649,103.445,386.94,147.402,1552.334,4788.625
35431,219.742,730.313,21.929,1876.392,65.114,101.4,296.783,151.168,1678.221,5141.062
35462,275.357,554.77,14.724,1825.477,84.267,106.487,343.327,160.37,1516.873,4881.653
35490,304.419,631.416,8.768,1471.489,77.871,108.268,333.312,119.76,1550.168,4605.472
35521,451.267,620.039,11.356,1526.146,92.706,111.99,324.051,131.175,1610.362,4879.092
35551,548.032,480.823,2.639,1431.713,96.103,113.034,308.549,121.083,1686.805,4788.78
35582,671.567,415.309,3.215,1387.34,70.987,115.102,386.224,121.031,1700.691,4871.466
35612,764.548,409.101,2.141,1426.875,87.327,117.986,330.399,121.106,1711.902,4971.386
35643,738.581,351.657,5.506,1498.211,87.294,114.342,278.396,112.117,1620.007,4806.109
35674,727.3,502.433,4.213,1600.468,82.866,111.417,281.973,125.156,1548.415,4984.242
35704,671.032,718.198,7.575,1585.75,96.318,113.062,350.289,110.203,1634.712,5287.139
35735,404,635.532,11.981,1750.62,75.341,110.613,350.849,129.002,1494.346,4962.285
35765,271.355,736.547,15.404,2036.649,71.766,112.007,387.593,120.925,1499.288,5251.533
35796,214.839,728.152,18.423,1861.616,82.649,96.764,292.798,104.723,1481.229,4881.192
35827,267.821,690.979,13.858,1695.598,87.004,97.951,382.563,92.153,1451.143,4779.069
35855,241.258,683.131,14.324,1749.459,85.237,101.667,333.202,90.016,1570.009,4868.303
35886,436.567,589.248,5.192,1502.775,98.552,105.585,396.204,119.176,1549.999,4803.298
35916,602.097,401.653,7.519,1294.158,85.27,105.166,377.445,84.319,1602.252,4559.879
35947,686.333,555.807,8.043,1373.834,87.786,108.232,416.643,93.413,1489.068,4819.16
35977,769.484,392.646,3.222,1396.616,83.196,110.264,382.585,123.046,1572.586,4833.645
36008,782,490.655,10.745,1426.381,87.078,108.843,470.583,102.779,1436.448,4915.512
36039,734,532.64,4.832,1362.539,89.758,105.562,408.218,111.255,1526.63,4875.433
36069,712.419,622.276,9.33,1602.456,95.572,106.426,387.127,84.953,1394.95,5015.509
36100,479.367,562.411,14.46,1627.394,74.227,103.739,355.928,97.426,1491.565,4806.517
36130,312.452,598.443,18.009,1743.198,78.186,107.346,481.751,98.545,1528.645,4966.574
36161,236.774,711.853,10.866,1882.013,73.541,72.847,399.27,95.436,1550.072,5032.672
36192,329,500.671,7.871,1667.604,82.963,75.966,473.077,103.874,1619.318,4860.344
36220,313.742,678.218,5.669,1758.039,86.481,76.88,456.531,102.229,1615.831,5093.618
36251,509.133,489.399,4.109,1575.039,87.615,80.454,409.687,75.853,1648.124,4879.412
36281,588.226,448.591,3.625,1451.168,81.852,79.641,416.806,99.08,1327.482,4496.471
36312,789.2,441.59,4.65,1573.456,91.129,84.053,475.148,78.049,1594.888,5132.163
36342,763.613,427.315,3.617,1610.079,86.166,84.579,402.361,81.005,1469.275,4928.01
36373,834.129,416.27,4.429,1626.279,85.037,81.154,421.436,109.758,1682.553,5261.044
36404,744.367,522.174,4.636,1785.626,93.512,78.557,440.922,82.924,1565.122,5317.839
36434,660.871,671.46,4.44,1808.221,95.605,80.795,437.553,78.594,1414.481,5252.019
36465,513.8,613.719,8.087,1648.877,90.632,77.943,380.489,84.014,1496.315,4913.876
36495,269.516,768.15,12.507,2109.893,90.628,83.798,398.549,94.115,1410.547,5237.703
36526,238.774,683.902,16.582,2146.799,90.694,71.166,376.361,94.664,1306.384,5025.328
36557,328.759,660.395,10.546,1963.288,93.917,77.101,302.276,99.275,1487.137,5022.693
36586,375.742,607.708,6.54,1726.443,86.63,77.234,369.736,79.258,1577.872,4907.163
36617,441.8,470.416,6.005,1630.044,85.009,77.881,311.887,92.562,1374.111,4489.715
36647,634.677,566.991,3.232,1485.412,90.91,80.539,442.155,81.598,1606.692,4992.206
36678,735.633,475.777,4.145,1603.161,87.872,82.062,380.11,108.441,1546.755,5023.955
36708,695.871,354.723,3.149,1523.291,85.601,80.366,380.004,128.274,1517.596,4768.875
36739,809.226,465.166,3.149,1606.935,93.067,82.956,408.893,105.832,1469.798,5045.02
36770,708.9,625.885,7.675,1577.743,88.832,79.208,366.605,101.163,1526.438,5082.449
36800,620.065,560.969,6.313,1739.899,87.542,78.27,327.837,130.701,1297.549,4849.144
36831,448.533,638.707,6.497,1652.172,74.072,77.965,319.755,102.135,1335.146,4654.982
36861,259.742,650.632,16.611,1987.297,62.808,80.624,341.169,130.235,1447.095,4976.213
36892,268.419,770.841,18.114,1710.985,76.56,145.937,305.544,99.955,1698.953,5095.31
36923,270.321,795,12.947,1585.271,82.963,148.355,263.059,101.891,1660.345,4920.152
36951,314.677,786.745,18.664,1603.634,88.521,153.736,415.52,90.089,1468.718,4940.305
36982,441.467,594.324,9.514,1564.008,76.952,154.51,385.718,99.973,1560.759,4887.226
37012,574.548,605.046,6.685,1301.68,84.639,156.867,398.155,88.807,1543.224,4759.651
37043,737.933,499.289,8.619,1382.57,91.112,156.577,439.488,78.167,1302.543,4696.299
37073,740.548,413.279,8.652,1462.375,79.298,162.582,437.13,88.657,1305.804,4698.323
37104,796.484,567.105,12.725,1489.6,83.246,161.325,362.91,58.817,1410.257,4942.467
37135,660.2,550.48,6.158,1595.974,81.358,154.189,401.455,77.369,1265.256,4792.44
37165,678.774,661.702,3.573,1656.388,67.751,155.944,377.292,102.29,1526.917,5230.63
37196,483.533,623.823,13.195,1651.477,85.524,156.343,434.257,96.018,1456.225,5000.395
37226,243.903,480.922,15.737,1683.613,46.351,154.691,450.756,82.036,1578.043,4736.052
37257,281.806,715.226,10.305,1853.736,97.065,151.13,413.207,94.029,1548.99,5165.494
37288,308.571,568.18,11.458,1947.772,72.365,158.106,381.829,84.924,1403.378,4936.585
37316,348.161,583.316,7.807,1807.204,75.499,159,383.721,97.411,1502.025,4964.143
37347,466.867,638.929,2.412,1478.358,87.803,161.025,427.363,84.943,1483.547,4831.245
37377,588.774,535.766,5.453,1536.448,81.736,166.77,360.214,79.583,1526.387,4881.131
37408,677.267,445.917,5.758,1487.871,73.901,167.903,376.212,75.936,1552.297,4863.062
37438,731.355,458.022,2.463,1526.32,78.286,167.96,441.914,59.09,1528.157,4993.566
37469,751.968,470.59,2.562,1574.221,72.479,171.069,359.545,57.592,1533.653,4993.679
37500,658.9,553.387,3.474,1577.532,82.695,159.57,391.799,69.459,1435.552,4932.369
37530,593.419,557.166,7.265,1697.866,80.774,161.907,347.092,75.796,1356.943,4878.228
37561,465.567,685.98,9.519,1736.334,75.015,162.18,388.188,108.313,1435.867,5066.963
37591,257.903,586.835,11.874,1808.821,54.165,163.37,326.232,107.489,1379.098,4695.786
37622,274.29,700.957,28.926,1989.634,82.416,160.553,319.041,82.194,1421.755,5059.766
37653,315.714,740.286,20.591,1864.013,72.917,162.689,336.596,109.823,1573.171,5195.8
37681,305.065,581.117,9.901,1570.409,75.714,164.143,387.22,120.054,1575.548,4789.171
37712,439.033,601.648,8.539,1482.042,74.758,168.654,406.658,103.057,1653.455,4937.844
37742,526.935,424.304,9.798,1218.36,64.782,172.541,334.858,95.891,1769.655,4617.125
37773,660.2,430.074,-0.142,1195.149,67.507,174.992,405.561,71.65,1701.629,4706.619
37803,716.516,372.773,2.539,1310.292,71.5,175.402,402.253,79.506,1713.784,4844.565
37834,708.29,427.988,5.291,1499.179,73.06,179.596,332.757,96.988,1551.118,4874.266
37865,691.033,528.011,8.674,1578.668,72.495,170.329,374.865,78.721,1431.139,4933.937
37895,638.161,574.473,9.007,1538.374,80.608,173.798,395.305,97.883,1451.723,4959.331
37926,453.733,602.65,12.201,1633.615,55.199,170.705,386.941,111.513,1479.57,4906.127
37956,302.226,640.108,24.798,1863.629,70.256,171.953,417.438,106.174,1619.515,5216.097
37987,265.129,735.3,30.192,2003.716,65.578,186.473,396.417,117.771,1303.774,5104.35
38018,291.621,731.1,20.406,1930.18,57.545,189.312,284.901,132.45,1738,5375.514
38047,396.129,680.852,15.025,1574.147,79.347,193.307,380.369,111.854,1682.839,5113.869
38078,527.733,645.652,13.7,1578.913,83.535,195.489,361.41,103.925,1593.633,5103.991
38108,557.645,474.578,6.186,1448.272,70.372,196.636,540.802,88.296,1666.097,5048.884
38139,693.767,441.92,10.775,1449.28,88.369,199.686,443.42,90.765,1725.067,5143.048
38169,737.355,394.348,7.018,1476.136,77.738,200.449,383.723,94.93,1798.129,5169.826
38200,788.226,402.537,8.886,1531.417,66.258,199.789,446.061,81.296,1787.516,5311.986
38231,721.2,602.46,7.71,1499.455,70.472,193.123,465.608,97.25,1632.833,5290.112
38261,609.194,610.896,9.112,1703.284,75.183,194.867,396.009,115.618,1638.419,5352.581
38292,485.567,619.225,11.339,1718.221,66.187,193.973,502.273,143.538,1624.2,5364.524
38322,361.677,508.089,22.915,1847.984,69.609,197.195,473.749,120.994,1696.226,5298.439
38353,330.181,713.972,36.087,1978.452,68.237,179.921,380.935,138.897,1403.918,5230.6
38384,302.944,669.226,19.081,1896.796,69.654,180.919,382.648,142.7,1591.219,5255.186
38412,385.69,787.123,26.769,1716.33,74.544,183.617,392.616,111.434,1776.779,5454.903
38443,450.785,626.709,12.25,1370.279,70.437,186.353,450.353,123.929,1496.249,4787.344
38473,571.367,581.073,20.466,1362.56,80.069,189.43,472.046,110.705,1695.724,5083.44
38504,829.025,474.724,14.561,1380.855,80.004,191.355,402.199,96.182,1878.551,5347.455
38534,680.066,350.001,12.596,1440.655,74.336,194.646,452.999,96.212,1575.067,4876.579
38565,774.058,401.988,7.624,1555.334,77.775,194.714,385.985,111.759,1792.478,5301.715
38596,671.181,604.696,15.049,1261.979,67.531,182.016,378.147,119.87,1392.864,4693.332
38626,630.202,576.805,18.668,1302.371,83.103,184.486,320.79,142.729,1482.978,4742.133
38657,599.26,642,20.461,1494.057,60.395,186.097,418.904,153.745,1569.077,5143.997
38687,319.177,709.613,22.557,1844.643,61.689,189.781,413.633,125.348,1601.12,5287.561
38718,295.051,692.703,20.186,1686.848,60.954,188.8,379.684,148.606,1782.513,5255.346
38749,329.522,639.446,31.494,1857.519,102.118,190.337,298.004,130.688,1546.136,5125.264
38777,412.505,729.105,26.239,1709.367,71.366,193.395,427.08,130.573,1464.191,5163.821
38808,513.285,547.835,22.167,1559.051,77.563,195.52,344.925,109.249,1466.664,4836.257
38838,633.452,531.24,12.696,1514.695,64.004,198.8,401.128,92.622,1629.838,5078.474
38869,714.779,451.019,7.525,1506.344,76.367,202.448,446.307,85.44,1804.662,5294.89
38899,661.695,400.429,10.132,1560.644,68.981,205.2,383.169,85.849,1501.774,4877.873
38930,742.756,506.246,7.786,1594.165,70.276,204.272,432.479,90.969,1760.945,5409.896
38961,666.73,585.671,7.165,1535.136,61.167,197.266,528.913,82.437,1643.582,5308.067
38991,591.717,694.273,8.014,1583.22,84.24,197.925,420.515,90.181,1653.564,5323.65
39022,478.22,668.175,6.618,1698.447,62.649,197.45,478.395,82.907,1762.314,5435.175
39052,199.34,681.917,12.694,1729.569,49.291,199.451,548.076,122.384,1655.93,5198.651
39083,352.923,776.695,10.453,1937.985,77.847,153.776,344.836,97.662,1574.194,5326.372
39114,289.034,789.587,9.587,2021.897,65.604,155.869,351.07,116.003,1658.184,5456.834
39142,369.956,662.795,7.044,1659.338,77.959,158.832,488.503,95.129,1506.386,5025.943
39173,455.468,675.208,5.411,1569.219,74.188,159.486,363.546,86.877,1696.041,5085.445
39203,506.659,606.895,2.781,1449.401,80.979,163.274,474.671,82.112,1717.364,5084.136
39234,637.208,537.896,2.973,1510.861,69.01,164.261,389.265,81.433,1508.807,4901.714
39264,651.068,469.46,1.317,1501.483,75.788,166.827,341.838,70.606,1593.212,4871.599
39295,646.691,495.513,5.689,1501.092,71.572,165.83,457.314,76.459,1547.793,4967.953
39326,605.72,597.401,6.361,1511.469,65.503,160.158,467.355,72.11,1540.93,5027.008
39356,595.421,601.844,5.577,1558.107,77.361,159.844,368.89,67.13,1548.768,4982.941
39387,457.928,508.872,9.193,1656.322,70.97,159.724,396.974,90.337,1633.468,4983.789
39417,348.345,433.847,11.675,1796.019,65.847,160.1,492.669,77.532,1602.745,4988.778
39448,354.298,771.35,1.766,1742.26,70.578,128.301,422.077,96.797,1564.123,5151.55
39479,300.682,796.855,3.795,1684.962,67.416,129.122,347.711,75.616,1570.226,4976.385
39508,295.1,785.613,3.289,1572.938,73.824,132.034,412.844,84.792,1344.629,4705.064
39539,359.957,750.272,0.108,1350.828,74.793,132.705,413.301,99.536,1403.169,4584.669
39569,460.519,689.459,0.85,1340.017,73.48,134.727,394.229,94.544,1422.089,4609.914
39600,570.238,487.081,0.654,1390.125,70.813,132.667,372.076,86.08,1404.976,4514.71
39630,556.241,440.215,-0.116,1407.924,71.466,133.251,469.962,88.738,1273.575,4441.256
39661,516.945,437.039,0.346,1390.856,80.753,133.025,399.078,66.086,1248.592,4272.72
39692,531.298,564.242,1.557,1037.571,49.857,123.748,282.384,63.79,1167.159,3821.605
39722,465.057,833.954,1.272,1330.642,74.956,131.423,394.456,82.336,1547.296,4861.391
39753,314.107,652.146,2.603,1378.873,46.749,129.669,370.557,69.616,1539.544,4503.865
39783,271.497,446.059,6.07,1402.372,53.349,130.012,436.932,104.418,1414.44,4265.15
39814,195.238,798.207,5.294,1573.561,61.832,122.584,359.622,79.16,1372.884,4568.381
39845,276.802,647.678,4.873,1607.511,49.249,125.62,358.379,51.422,1330.005,4451.538
39873,300.386,572.169,1.964,1534.927,57.712,126.561,345.069,67.653,1169.99,4176.433
39904,298.656,398.2,1.722,1432.302,64.17,128.358,429.215,76.566,1221.941,4051.13
39934,371.166,434.934,1.717,1333.024,52.015,129.138,434.042,55.228,1153.64,3964.904
39965,511.957,435.288,1.358,1300.598,63.967,130.501,465.911,63.465,1213.003,4186.049
39995,495.456,324.503,0.164,1357.447,62.678,131.646,299.176,32.387,1333.283,4036.74
40026,541.577,323.634,0.718,1469.785,70.819,132.135,339.062,47.276,1243.79,4168.795
40057,461.017,446.59,-0.54,1449.326,63.753,126.673,400.363,36.44,1371.536,4355.159
40087,377.014,546.45,2.583,1659.094,63.187,127.75,287.974,52.672,1235.703,4352.427
40118,287.492,583.949,2.606,1901.704,60.199,126.602,314.039,50.771,1131.655,4459.017
40148,204.436,600.305,3.204,1881.24,58.86,126.965,330.834,67,1240.666,4513.509
40179,203.021,480.801,2.611,2035.809,59.861,132.943,201.081,59.165,1217.567,4392.859
40210,248.99,524.548,6.104,1948.686,70.342,133.876,264.292,55.69,1262.777,4515.306
40238,263.719,657.223,2.026,1713.673,70.864,137.207,356.137,54.413,1420.526,4675.787
40269,330.694,600.784,1.179,1419.409,67.823,142.122,323.178,60.247,1463.048,4408.485
40299,377.892,468.754,1.904,1446.15,65.87,142.976,274.355,50.524,1351.46,4179.884
40330,516.806,432.584,2.751,1492.161,79.653,145.293,332.627,43.438,1385.612,4430.925
40360,469.536,346.292,3.368,1523.332,72.56,145.135,303.341,53.033,1372.691,4289.289
40391,536.642,534.052,1.664,1559.324,66.477,144.425,369.947,41.833,1466.601,4720.965
40422,462.884,670.147,1.418,1604.385,70.03,142.192,370.885,50.806,1326.372,4699.119
40452,434.338,536.58,2.61,1636.746,65.512,140.684,278.794,51.343,1215.272,4361.879
40483,294.709,638.182,8.168,1648.382,64.042,137.568,338.975,57.096,1333.352,4520.473
40513,203.537,675.315,8.857,2061.377,57.868,139.048,307.448,51.367,1301.244,4806.062
40544,221.101,716.11,2.666,2079.234,63.692,131.585,275.215,75.734,1244.05,4809.386
40575,248.446,606.587,7.077,1914.298,62.048,135.261,218.303,73.626,1184.751,4450.399
40603,281.64,752.749,3.771,1800.205,76.94,138.321,265.672,59.572,1405.294,4784.164
40634,310.685,567.659,1.207,1540.431,70.088,138.283,301.889,61.009,1300.543,4291.796
40664,357.109,555.745,0.031,1569.045,62.598,138.613,358.907,60.351,1082.306,4184.706
40695,454.004,579.586,0.621,1520.514,64.334,142.54,309.177,61.424,1212.794,4344.994
40725,464.886,342.925,1.277,1529.143,60.955,141.977,286.794,39.039,1363.227,4230.224
40756,544.712,547.102,0.773,1582.659,70.423,140.312,388.338,42.269,1310.668,4627.255
40787,461.756,571.645,1.094,1559.641,64.231,137.46,275.816,63.01,1298.784,4433.437
40817,422.931,600.511,0.29,1694.061,52.702,135.962,343.097,51.908,1238.857,4540.319
40848,296.982,706.879,0.829,1812.609,63.814,134.21,336.3,52.96,1390.624,4795.206
40878,186.971,492.363,1.733,1970.384,56.947,136.509,172.792,66.2,1228.454,4312.353
40909,201.059,720.955,1.015,2041.306,62.415,121.811,337.859,37.757,1252.733,4776.911
40940,220.437,807.544,4.956,1994.415,71.377,127.87,249.504,32.743,1237.971,4746.817
40969,234.04,631.154,1.255,1824.556,56.721,127.636,288.102,34.592,1159.786,4357.843
41000,326.531,618.941,0.362,1715.443,64.251,129.993,317.083,35.505,1067.328,4275.435
41030,382.743,597.527,1.467,1705.444,62.686,133.542,351.035,26.607,1127.57,4388.622
41061,455.138,513.352,0.349,1665.36,55.305,133.785,346.914,28.099,1219.089,4417.391
41091,463.71,392.513,0.025,1682.879,55.074,131.03,303.502,35.952,1228.277,4292.961
41122,496.93,453.781,0.059,1746.272,56.419,136.139,367.511,32.56,1220.63,4510.3
41153,444.748,552.442,0.805,1757.318,54.568,127.32,331.868,31.082,1009.921,4310.072
41183,373.941,699.403,0.54,1916.694,57.737,129.401,271.97,27.374,1331.352,4808.413
41214,281.554,721.951,0.583,1954.181,62.281,126.156,337.644,26.904,1309.459,4820.714
41244,200.668,523.652,0.397,2083.637,47.393,124.762,327.491,15.435,1407.557,4730.992
41275,223.622,756.153,1.994,2254.247,65.405,123.903,350.051,26.807,1171.015,4973.197
41306,214.564,625.215,0.418,2268.99,65.484,124.859,228.867,24.095,1213.763,4766.254
41334,235.579,531.443,2.759,2038.015,65.168,128.506,240.68,35.886,1114.447,4392.482
41365,289.886,581.099,0.875,1866.453,57.961,131.701,218.786,22.11,1189.442,4358.313
41395,308.021,577.311,0.217,1701.827,66.027,134.349,330.503,20.336,1363.155,4501.745
41426,406.073,513.249,0.143,1674.81,72.553,135.005,333.404,23.652,1310.806,4469.694
41456,452.733,460.813,0.179,1863.265,62.754,136.025,306.261,28.592,1336.268,4646.889
41487,464.176,463.979,0.147,1783.553,61.95,135.699,330.84,33.559,1192.054,4465.957
41518,460.761,554.968,0.722,1861.251,61.35,133.055,336.441,29.797,1520.514,4958.859
41548,377.325,825.755,0.259,2131.761,59.652,133.017,256.067,21.829,1178.169,4983.834
41579,261.799,733.731,0.055,2198.639,51.24,132.704,345.173,29.627,1425.885,5178.853
41609,179.89,716.584,3.555,2307.526,58.923,128.936,251.386,12.863,1377.155,5036.818
41640,177.27,992.121,3.379,2384.008,55.489,122.042,364.849,17.615,1142.882,5259.655
41671,204.756,863.264,0.918,2125.814,60.043,129.373,238.092,16.449,1300.929,4939.639
41699,217.942,782.118,0.058,1944.435,70.633,129.153,162.262,16.212,1167.566,4490.379
41730,282.415,810.051,0.355,1757.055,58.945,133.541,281.179,22.862,1224.631,4571.035
41760,349.584,692.778,0.174,1561.239,67.782,134.087,315.624,19.388,1144.87,4285.527
41791,402.195,617.396,-0.077,1675.215,51.789,134.353,284.661,21.953,1189.244,4376.728
